vuln_id,compiler,compiler_version,vulnerability_type,root_cause,root_cause_detail,description,reported_time,reference
206,apache/tvm,v0.2.pre,CWE-704: Incorrect Type Conversion or Cast,Backend Inconsistencies,"In the CUDA backend lowering, ThreadIndex values (unsigned) are converted to signed types in a way that can change comparison/select behavior, leading to inconsistent inference results between the original model/IR and the generated CUDA code.",ThreadIndex unsigned to sign concise conversion,2017-07-02T09:07:24Z,https://github.com/apache/tvm/issues/206
410,apache/tvm,v0.2.pre,CWE-20: Improper Input Validation,Invariant Violations,"The VerifyMemory IR validation/verification pass does not robustly handle IR containing illegal memory accesses, leading to a compile-time crash (denial of service) instead of cleanly rejecting the malformed program/model with a controlled diagnostic.",[PASS] VerifyMemory Check illegal memory access in compile time,2017-09-03T02:50:45Z,https://github.com/apache/tvm/issues/410
445,apache/tvm,v0.2.pre,CWE-617: Reachable Assertion,Invariant Violations,"The TVM runtime RPC/session management enforces that a TVMContext must belong to the same remote session via a CHECK in rpc_session.cc, causing a process-terminating assertion failure (crash) when a crafted or malformed call passes a context from a different session instead of handling the condition safely.",rpc_session.cc:151: Check failed: Can only TVMContext related to the same remote sesstion,2017-09-11T09:19:44Z,https://github.com/apache/tvm/issues/445
552,apache/tvm,v0.2.pre,Improper Control of Compilation Availability,Backend Inconsistencies,"ROCm GPU kernel lowering/scheduling in TOPI unit tests triggers backend failures (crash/memory corruption) and inconsistent inference results, indicating improper handling of backend-specific exceptional conditions during code generation.",[ROCM] Failed topi unittests for rocm backend,2017-10-13T22:36:40Z,https://github.com/apache/tvm/issues/552
670,apache/tvm,v0.2.pre,CWE-682: Incorrect Calculation,Numerical Computing Defects,"The issue concerns whether TVM can (or does) vectorize a reduce_axis; incorrect handling of reduction vectorization can change reduction order/associativity and produce inconsistent inference results versus the original semantics, leading to silent numerical/semantic divergence rather than an explicit failure.",Is it possible to vectorize a reduce_axis?,2017-11-26T02:16:08Z,https://github.com/apache/tvm/issues/670
696,apache/tvm,v0.2.pre,CWE-754: Improper Check for Unusual or Exceptional Conditions,IR Transformation Errors,"The issue report indicates crashes/reliability degradation in the IR optimization/simplification phase (tensorize verification and canonical simplification), suggesting the simplifier/tensorize logic fails on certain IR forms and can be triggered by crafted schedules/IR, leading to compiler instability (availability impact).",More simplification issues in tensorize ,2017-12-08T22:11:43Z,https://github.com/apache/tvm/issues/696
767,apache/tvm,v0.2.pre,Improper Control of Compilation Availability,Memory Management Defects,"The StorageRewrite pass mishandles allocation reuse across loop partitions, leading to invalid buffer lifetime/reuse decisions that can trigger compiler/runtime crashes or pathological memory behavior (resource exhaustion) when compiling certain loop-structured programs.",allocate reuse for loop partition,2018-01-09T09:09:06Z,https://github.com/apache/tvm/issues/767
787,apache/tvm,v0.2.pre,CWE-754: Improper Check for Unusual or Exceptional Conditions,Backend Inconsistencies,"Building a U-Net–style network causes the LLVM CPU backend code generation path to hit an unhandled condition and crash, allowing a crafted/complex model to reliably terminate compilation (availability impact) rather than being rejected or handled gracefully.",Crash when building unet-style network,2018-01-16T14:58:03Z,https://github.com/apache/tvm/issues/787
796,apache/tvm,v0.2.pre,CWE-682: Incorrect Calculation,Memory Management Defects,"During TIR lowering, AccessPtr address computation does not correctly account for unified buffer semantics (e.g., base/offset/extent alignment), which can generate incorrect pointer arithmetic and lead to out-of-bounds memory accesses, causing memory corruption, crashes, and inconsistent inference results.",Unified Buffer Support for AccessPtr,2018-01-20T06:50:58Z,https://github.com/apache/tvm/issues/796
902,apache/tvm,v0.2.pre,CWE-754: Improper Check for Unusual or Exceptional Conditions,IR Transformation Errors,"A crafted model/IR using an inline reduction pattern can drive TVM’s lowering passes (scheduling/message passing/bound inference) into an unhandled internal state, causing a crash and preventing compilation (denial of service).",Inline Reduction,2018-02-14T22:14:12Z,https://github.com/apache/tvm/issues/902
974,apache/tvm,v0.2.pre,CWE-754: Improper Check for Unusual or Exceptional Conditions,Backend Inconsistencies,"The report indicates TVM v0.2.pre crashes when running initial unit tests, pointing to a stability/availability issue triggered during LLVM code generation or at the runtime ABI interface. This suggests missing robustness checks/handling for unexpected IR/codegen states or ABI mismatches, leading to a compiler/runtime crash rather than a controlled error.",Running into two problems trying to run first real unit tests,2018-03-08T21:54:09Z,https://github.com/apache/tvm/issues/974
1014,apache/tvm,v0.2.pre,CWE-787: Out-of-bounds Write,Memory Management Defects,"During lowering (specifically buffer bound inference for cache_read), the compiler can generate incorrect lower-bound conditions for accessed regions, leading to miscomputed buffer extents and subsequent out-of-bounds memory writes/reads in generated code, causing memory corruption or crashes when triggered by crafted schedules/models.",[SCHEDULE] Generate Lower Bound Conditions,2018-03-16T22:18:35Z,https://github.com/apache/tvm/issues/1014
1024,apache/tvm,v0.2.pre,CWE-754: Improper Check for Unusual or Exceptional Conditions,Backend Inconsistencies,"A specific graph pattern (softmax applied to a concatenated array) triggers a backend codegen failure/crash, indicating missing validation/handling of this unusual input shape/layout combination and resulting in a denial-of-service condition during compilation.",[TOPI] Error while doing softmax on concatenated array,2018-03-19T12:26:04Z,https://github.com/apache/tvm/issues/1024
1226,apache/tvm,v0.2.pre,CWE-787: Out-of-bounds Write,Memory Management Defects,"At the Rust↔TVM runtime FFI boundary for `BackendParallelLaunch`, arguments/structures are passed with an incompatible ABI (e.g., wrong type/size/alignment or calling convention), causing the callee to write past allocated heap buffers and corrupt memory.",[TVM][RUST] Heap corruption when using FFI for `BackendParallelLaunch`,2018-06-04T20:03:23Z,https://github.com/apache/tvm/issues/1226
1363,apache/tvm,v0.2.pre,Improper Control of Compilation Availability,Memory Management Defects,"The runtime/library relies on global/static objects whose destructors run in an undefined order at process exit, causing dependent objects to be destroyed first and triggering crashes during library shutdown.",[DISCUSS][RFC] Static Destruction Order Problem,2018-06-30T15:46:21Z,https://github.com/apache/tvm/issues/1363
1420,apache/tvm,v0.2.pre,Incorrect Preservation of Model Semantics,Backend Inconsistencies,"The TOPI conv2d schedule/compute dispatch for the Intel HD Graphics (OpenCL) target is incorrect, leading to wrong numerical outputs at inference despite successful compilation, indicating a semantic mismatch introduced during lowering/target-specific operator implementation.",[TOPI] Conv2d Schedule for Intel HD Graphics Target fails and produces wrong output,2018-07-11T12:42:52Z,https://github.com/apache/tvm/issues/1420
1582,apache/tvm,v0.2.pre,Improper Control of Compilation Availability,Backend Inconsistencies,"TVM exposes/uses std::string in a DLL interface on Windows; when the runtime is built with a different C runtime linkage (e.g., /MT static CRT vs /MD), memory allocation/deallocation occurs across incompatible CRTs, leading to crashes and potential memory corruption at runtime.",TVM can't run with static c runtime (/MT) on Windows due to std:: string in dll interface,2018-08-10T05:37:53Z,https://github.com/apache/tvm/issues/1582
1807,apache/tvm,v0.4.pre,Improper Control of Compilation Availability,IR Transformation Errors,"The NNVM InferShape / SimplifyInference optimization pipeline at opt_level=3 triggers a failure when compiling ResNet18_v1 (notably on Raspberry Pi 3B+), indicating an unhandled condition in shape inference/graph simplification that can be used to cause compilation to fail (availability impact).",Resnet18_v1 compilation fails with opt_level=3 on Raspberry Pi 3B+,2018-10-03T20:56:42Z,https://github.com/apache/tvm/issues/1807
2067,apache/tvm,v0.4.pre,CWE-476: NULL Pointer Dereference,Memory Management Defects,"A Registry::Manager / PackedFunc runtime path can dereference a null (or otherwise invalid) function pointer when looking up or invoking a registered function, leading to a segmentation fault and denial of service.",[RUNTIME][PackedFunc][Registry::Manager] Segfault with Registry::Manager and PackedFunc on x86_64 GNU/Linux.,2018-11-05T19:57:00Z,https://github.com/apache/tvm/issues/2067
2088,apache/tvm,v0.4.pre,CWE-754: Improper Check for Unusual or Exceptional Conditions,IR Transformation Errors,"The thread synchronization insertion pass can place a sync primitive inside an IfThenElse region where synchronization is disallowed, causing compilation to fail/crash for certain (valid) generated IR patterns such as the TOPI LSTM schedule.",TOPI LSTM recipe fails to compile due to inserting sync is disallowed inside unnecessary `IfThenElse`,2018-11-11T23:37:15Z,https://github.com/apache/tvm/issues/2088
2136,apache/tvm,v0.4.pre,CWE-754: Improper Check for Unusual or Exceptional Conditions,IR Transformation Errors,"A defect in handling reduce operations during graph-level compilation/lowering (GraphCompile / CompileEngine::GetScheduleArgs) causes a test failure/crash, indicating malformed or certain reduce patterns can trigger a compilation-time crash and impact availability.","[CI]Suspect a bug in reduce ops, leading to test_script failure",2018-11-20T08:05:38Z,https://github.com/apache/tvm/issues/2136
2382,apache/tvm,v0.4.pre,CWE-754: Improper Check for Unusual or Exceptional Conditions,Tensor Mapping Defects,"The Relay AlterOpLayout optimization pass does not correctly handle Tuple expressions (and/or TupleGetItem), causing an internal error/crash when a crafted Relay graph contains Tuple structures during layout alteration.",[RELAY][PASS] AlterOpLayout handling for Tuple,2019-01-07T14:10:37Z,https://github.com/apache/tvm/issues/2382
2418,apache/tvm,v0.4.pre,CWE-682: Incorrect Calculation,Numerical Computing Defects,"The IR arithmetic simplifier applies the distributive property to floating-point expressions, which is not semantics-preserving under IEEE-754 due to rounding, overflow/underflow, NaNs, and signed zeros. This can change numerical results between the original and optimized program, causing inference inconsistencies without an explicit failure.",[RFC] Disable Floating-point distributive property,2019-01-11T01:45:00Z,https://github.com/apache/tvm/issues/2418
2421,apache/tvm,v0.4.pre,CWE-682: Incorrect Calculation,Numerical Computing Defects,"LLVM backend/codegen enables floating-point optimization flags (e.g., fast-math/reciprocal transforms) that can miscompile division operations, producing incorrect results (notably in sigmoid) and causing inference inconsistencies without a crash.",[BUG][LLVM] Division by inf bug (affects sigmoid),2019-01-11T13:02:09Z,https://github.com/apache/tvm/issues/2421
2431,apache/tvm,v0.4.pre,Improper Control of Compilation Availability,IR Transformation Errors,"The Relay optimization (operator fusion) exhibits flaky/nondeterministic compilation for the GluonCV SSD model, leading to intermittent crashes or failed builds and thus impairing compilation availability/reliability when triggered by specific model graphs.",[Relay] Flaky Compilation for Gluoncv SSD model,2019-01-14T23:42:20Z,https://github.com/apache/tvm/issues/2431
2455,apache/tvm,v0.4.pre,CWE-682: Incorrect Calculation,Numerical Computing Defects,"The IR optimization pass performs arithmetic on integer bounds/expressions without overflow-safe checks or wider-precision handling, causing wraparound during interval analysis and simplification. This can lead to incorrect inferred ranges and wrong simplification decisions, producing compiled code with inconsistent inference results versus the original model.",[BUG] Integer overflow during interval analysis and simplification,2019-01-17T16:20:46Z,https://github.com/apache/tvm/issues/2455
2511,apache/tvm,v0.4.pre,CWE-754: Improper Check for Unusual or Exceptional Conditions,Backend Inconsistencies,"During LLVM backend code generation/instruction selection, TVM emits IR that triggers an internal LLVM error when compiling the MobileFaceNet model after auto-tuning; the failure is not handled gracefully and results in a compiler crash, enabling denial-of-service via a crafted model/schedule.",LLVM error on mobilefacenet compile after successful auto-tune,2019-01-25T22:19:37Z,https://github.com/apache/tvm/issues/2511
2796,apache/tvm,v0.5-pre,CWE-617: Reachable Assertion,Invariant Violations,"The IR loop unroller contains an assertion that the loop extent/trip count is a compile-time constant; when given a loop with a non-constant bound, the assertion is reachable and triggers a compiler crash, enabling denial of service via crafted IR/model.",[TVM] Loop unroller tries to unroll a loop with a non-constant loop count and asserts,2019-03-12T19:46:09Z,https://github.com/apache/tvm/issues/2796
2826,apache/tvm,v0.5-pre,CWE-754: Improper Check for Unusual or Exceptional Conditions,IR Transformation Errors,"A crafted model using conv2d_transpose (e.g., DCGAN benchmark) can drive TVM’s lowering/MakeAPI (TIR-to-runtime API generation) into an erroneous state that results in a crash, impacting compilation/inference availability.",[TVM][BUG] Conv2d_transpose error when running NNVM and Relay DCGAN benchmark,2019-03-15T19:36:10Z,https://github.com/apache/tvm/issues/2826
2898,apache/tvm,v0.5-pre,Incorrect Preservation of Model Semantics,IR Transformation Errors,"The IR optimization pass for loop distribution applies an invalid transformation that changes the program’s computation order/iteration semantics, generating incorrect code and causing inference result inconsistencies without necessarily crashing.",[TEXPR][PASS] Loop distribution pass generates incorrect code,2019-03-26T15:35:03Z,https://github.com/apache/tvm/issues/2898
2912,apache/tvm,v0.5-pre,CWE-754: Improper Check for Unusual or Exceptional Conditions,IR Transformation Errors,"The compute_inline/dataflow rewrite pass can be triggered to crash the compiler (denial of service) when inlining a compute that violates internal invariants (e.g., unexpected dependency/shape/buffer access patterns) without sufficient validation or defensive checks during the transformation.",a bug about compute_inline,2019-03-27T06:59:04Z,https://github.com/apache/tvm/issues/2912
2959,apache/tvm,v0.5-pre,CWE-682: Incorrect Calculation,Backend Inconsistencies,"The LLVM backend’s instruction selection/vectorization path generates incorrect AVX512 code for fp16 operations, causing numerically wrong results (inference inconsistency) compared to the original model/IR semantics without necessarily crashing.",[CodeGen] Incorrect vectorization for fp16 on X86-64 (AVX512),2019-04-04T01:34:49Z,https://github.com/apache/tvm/issues/2959
2965,apache/tvm,v0.5-pre,CWE-20: Improper Input Validation,Tensor Mapping Defects,"The ONNX import and subsequent Relay type inference/legalization do not robustly validate or handle certain channel/dimension configurations, leading to a compiler crash (availability impact) when processing crafted or unusual ONNX models.",[Relay][ONNX] channels issue.,2019-04-04T17:36:36Z,https://github.com/apache/tvm/issues/2965
2985,apache/tvm,v0.5-pre,Incorrect Preservation of Model Semantics,Tensor Mapping Defects,"During frontend import and Relay type inference, TVM changes the model’s input tensor shape, causing a mismatch with the original TensorFlow graph expectations. This breaks semantic equivalence (and can also trigger downstream crashes) because the compiled model no longer preserves the original input contract.",Input Shape Changed by TVM: leads to mismatch error,2019-04-08T18:59:25Z,https://github.com/apache/tvm/issues/2985
3002,apache/tvm,v0.5-pre,CWE-617: Reachable Assertion,Tensor Mapping Defects,"During Relay->TE/HalideIR lowering via compile_engine precompute, the compiler attempts to infer the reshape argument and produces an invalid/unsupported shape expression, reaching a HalideIR internal assert and crashing compilation.","When infering reshape argument by precompute, cause HalideIR assert fail ",2019-04-10T03:14:24Z,https://github.com/apache/tvm/issues/3002
3052,apache/tvm,v0.5-pre,CWE-682: Incorrect Calculation,Backend Inconsistencies,"During CUDA lowering/code generation from TE/TIR, the compiler mishandles 3D thread-grid (blockIdx/threadIdx) mapping or index arithmetic, producing incorrect generated CUDA C code and thus inconsistent/incorrect inference results without necessarily crashing.",[TE Bug] Incorrect CUDA code generated when 3d thread-grid is used,2019-04-19T22:11:27Z,https://github.com/apache/tvm/issues/3052
3079,apache/tvm,v0.5-pre,CWE-20: Improper Input Validation,Invariant Violations,"The ONNX->Relay import path fails during type inference/validation, leading to a crash when processing certain ONNX models instead of handling the condition gracefully (e.g., rejecting the model with a controlled error).",[Relay][ONNX]Import ONNX model to inference failed,2019-04-23T08:05:10Z,https://github.com/apache/tvm/issues/3079
3106,apache/tvm,v0.5-pre,Improper Control of Compilation Availability,Memory Management Defects,"Executing an ONNX model via TVM Relay/graph executor can lead to a crash and potential memory corruption, indicating missing/insufficient validation and safety checks in generated runtime code paths when handling adversarial or malformed model inputs.",[Relay][ONNX]Excute ONNX on tvm failed,2019-04-26T09:45:10Z,https://github.com/apache/tvm/issues/3106
3216,apache/tvm,v0.5-pre,CWE-682: Incorrect Calculation,Numerical Computing Defects,"The Relay simplify_inference pass rewrites/folds batch_norm in a way that changes its numerical output, breaking semantic equivalence between the original model and the optimized/compiled model and leading to inconsistent inference results without necessarily crashing.",[Relay][Bug] simplify_inference does not preserve the numerical value of batch_norm,2019-05-21T01:41:22Z,https://github.com/apache/tvm/issues/3216
3254,apache/tvm,v0.5-pre,CWE-617: Reachable Assertion,Invariant Violations,"During the LowerThreadAllreduce pass, the rfactor transformation can encounter a buffer that is remapped more than once, triggering the internal invariant `Check failed: !load_remap_.count(buffers[idx])` and crashing compilation instead of gracefully rejecting or handling the IR pattern.",[rfactor] Check failed: !load_remap_.count(buffers[idx]),2019-05-29T02:53:40Z,https://github.com/apache/tvm/issues/3254
3610,apache/tvm,v0.5-pre,Improper Control of Compilation Availability,IR Transformation Errors,"A defect in Relay->TE lowering and/or TE scheduling during operator fusion can be triggered by certain Relay graphs, causing TVM to crash during compilation (denial of compilation availability).",Potential Fusion Bug,2019-07-24T16:54:56Z,https://github.com/apache/tvm/issues/3610
3635,apache/tvm,v0.5-pre,Improper Control of Compilation Availability,Others,"The Relay IR pretty-printer/debug printing enters extremely slow or non-terminating behavior when printing a large/complex Inception module, causing a hang (denial of service) during IR printing/debugging triggered by a crafted or adversarially complex model.",[Relay] Printing inception module hangs,2019-07-26T22:56:39Z,https://github.com/apache/tvm/issues/3635
3652,apache/tvm,v0.5-pre,CWE-682: Incorrect Calculation,Numerical Computing Defects,"During frontend IR construction (Relay op shape/type inference), an index calculation can overflow (e.g., using a too-small integer type for indexing/extent math). A crafted model with large dimensions can trigger the overflow, leading to invalid indexing and a compiler crash (denial of service).",transform.cc: potential index overflow,2019-07-29T13:25:28Z,https://github.com/apache/tvm/issues/3652
3825,apache/tvm,v0.5-pre,CWE-20: Improper Input Validation,Invariant Violations,The NNVM Keras frontend in TVM v0.5-pre can be driven into a crash (and potentially memory corruption/resource exhaustion) during model import/graph construction due to insufficient validation/robust handling of unexpected Keras model structures or attributes.,issue in NNVM keras frontend ,2019-08-23T05:38:09Z,https://github.com/apache/tvm/issues/3825
3946,apache/tvm,v0.5-pre,CWE-754: Improper Check for Unusual or Exceptional Conditions,Tensor Mapping Defects,"Relay's type solver has a bug in the unification logic for polymorphic/quantified function types, leading to an internal failure (crash) during type inference/type checking when presented with certain crafted type expressions or programs.",[Relay][Bug] Type unification bug (when unifying quantified functions),2019-09-12T23:33:47Z,https://github.com/apache/tvm/issues/3946
3950,apache/tvm,v0.5-pre,CWE-754: Improper Check for Unusual or Exceptional Conditions,Backend Inconsistencies,"During CUDA code generation/scheduling for Relay conv2d_grad, TVM can emit a kernel launch with invalid parameters (e.g., grid/block dimensions or shared-memory size), triggering CUDA_ERROR_INVALID_VALUE at runtime and causing a crash, allowing a crafted model/workload to break compilation/inference availability.",[Relay] CUDA_ERROR_INVALID_VALUE occurs when testing conv2d_grad,2019-09-13T07:09:19Z,https://github.com/apache/tvm/issues/3950
3998,apache/tvm,v0.5-pre,CWE-754: Improper Check for Unusual or Exceptional Conditions,IR Transformation Errors,"A crafted conv2d workload combined with a particular template causes TVM to fail (crash) in the lowering pipeline (notably loop_partition and MakeAPI), indicating missing robustness checks/handling for unusual IR patterns produced by scheduling.",TVM fails on the following conv2d with given template,2019-09-24T18:59:17Z,https://github.com/apache/tvm/issues/3998
4087,apache/tvm,v0.5-pre,Improper Control of Compilation Availability,Backend Inconsistencies,"The ROCm/AMDGPU LLVM code generation path in TVM v0.5-pre is incompatible with LLVM 8, causing a reproducible compiler crash during code generation; a crafted or merely valid model targeting this backend can trigger a denial-of-service (compilation failure), and the reported memory corruption indicates unsafe interactions in the backend/LLVM integration.",rocm backend: crash with LLVM 8,2019-10-08T10:59:54Z,https://github.com/apache/tvm/issues/4087
4387,apache/tvm,v0.5-pre,Improper Control of Compilation Availability,Others,"The code generator emits runtime calls via PackedFunc without ensuring thread-safety (e.g., shared/global PackedFunc state or unsynchronized access), allowing concurrent execution to trigger races that can crash inference or compilation when run in multi-threaded contexts.",PackedFunc usage in generated code should be thread-safe,2019-11-20T18:46:17Z,https://github.com/apache/tvm/issues/4387
4470,apache/tvm,v0.6.0,CWE-754: Improper Check for Unusual or Exceptional Conditions,Invariant Violations,"During IR optimization/lowering (loop partitioning and split_host_device), the CUDA codegen path requires proving certain bounds/conditions; for a valid conv2d_transpose configuration (2x2 kernel, stride (2,2)) the pass cannot discharge the proof (""Cannot prove"") and aborts, causing a compilation crash/denial of service with crafted model parameters.","Conv2d_transpose kernel 2x2, strides (2,2) fails for CUDA - Cannot prove",2019-12-05T02:09:41Z,https://github.com/apache/tvm/issues/4470
4508,apache/tvm,v0.6.0,Incorrect Preservation of Model Semantics,Tensor Mapping Defects,"Relay’s LayoutTransform legalization and/or its type relation logic fails to correctly apply or infer broadcasting rules when layouts are transformed, leading to wrong shape/type propagation and broken broadcast behavior (potentially causing incorrect results or downstream crashes).",Broadcasting is broken with LayoutTransform,2019-12-11T16:38:41Z,https://github.com/apache/tvm/issues/4508
4534,apache/tvm,v0.6.0,Improper Control of Compilation Availability,Memory Management Defects,"The Relay Dead Code Elimination optimization pass can recurse deeply (e.g., on adversarially nested/large Relay graphs) without depth checks or an iterative worklist, leading to call stack exhaustion and a compiler crash, impacting compilation availability.",[Relay] Dead code elimination pass blows up call stack,2019-12-17T16:03:49Z,https://github.com/apache/tvm/issues/4534
4660,apache/tvm,v0.6.0,CWE-754: Improper Check for Unusual or Exceptional Conditions,Backend Inconsistencies,"SaveJSON/LoadJSON mishandles constant data encoding/decoding (Unicode/Base64) on aarch64, leading to decode errors and crashes during IR serialization/deserialization; a crafted model/IR containing specific constant byte patterns can trigger the failure and cause compilation/inference unavailability.","Unicode, Base64 errors using SaveJSON, LoadJSON on constants with aarch64 only (works on x86_64)",2020-01-08T19:34:34Z,https://github.com/apache/tvm/issues/4660
4748,apache/tvm,v0.6.0,CWE-754: Improper Check for Unusual or Exceptional Conditions,Invariant Violations,"Relay build/optimization passes (e.g., constant folding / graph simplification) do not correctly handle the edge case where the entire Relay program reduces to constants, leading to an internal error/crash instead of producing a valid artifact or a graceful diagnostic.",[RELAY] Support RelayBuild with Only Constants,2020-01-20T09:31:03Z,https://github.com/apache/tvm/issues/4748
4754,apache/tvm,v0.6.0,Improper Control of Compilation Availability,IR Transformation Errors,"AutoTVM task extraction / Relay IR well-formedness checking crashes (segfault) on a valid but complex BERT Relay program, indicating unsafe handling of IR structures (e.g., unchecked assumptions about node shapes/types/attributes) leading to a compiler crash and loss of availability.",autotvm extract tasks from BERT model cause segmentation fault,2020-01-21T05:12:01Z,https://github.com/apache/tvm/issues/4754
4758,apache/tvm,v0.6.0,CWE-754: Improper Check for Unusual or Exceptional Conditions,IR Transformation Errors,"The Relay PrimitiveInliner optimization pass fails to correctly transform/inine `match` expressions when the match result is used more than once, leading to an invalid IR state and a compiler crash during subsequent compilation/lowering.",[relay] PrimitiveInliner doesn't correctly handle match expressions that have more than one use,2020-01-21T17:57:51Z,https://github.com/apache/tvm/issues/4758
4997,apache/tvm,v0.6.0,Incorrect Preservation of Model Semantics,IR Transformation Errors,"Relay VM bytecode lowering miscompiles programs containing a double/nested if construct, producing inference result inconsistencies (compiled behavior diverges from the original Relay semantics) without necessarily crashing.",[relay][VM] Miscompile with double-if,2020-03-05T23:03:39Z,https://github.com/apache/tvm/issues/4997
5130,apache/tvm,v0.6.0,CWE-787: Out-of-bounds Write,Memory Management Defects,"The GPU lowering/CUDA codegen emits a wrong bounds predicate for block/thread indices, allowing threads outside the intended iteration space to execute memory accesses, which can lead to out-of-bounds writes (memory corruption) and crashes when triggered by crafted schedules/shapes.",Wrong boundary check for GPU blocks / threads indicies,2020-03-23T03:43:30Z,https://github.com/apache/tvm/issues/5130
5189,apache/tvm,v0.6.0,CWE-476: NULL Pointer Dereference,Memory Management Defects,"A crafted or malformed TupleType/IR object triggers a code path in the runtime (FFI / IR object printing and type system) that dereferences a null internal pointer during printing/type processing, causing a crash and potential memory corruption.",Python unit test test_tuple_type crashes ,2020-03-31T01:43:28Z,https://github.com/apache/tvm/issues/5189
5245,apache/tvm,v0.6.0,Incorrect Preservation of Model Semantics,IR Transformation Errors,"The TIR lowering/transform pass `lower_warp_memory` does not correctly transform warp memory constructs, leading to inconsistent or incorrect inference results between the original and lowered/compiled program without necessarily crashing.",[TIR] lower_warp_memory not working,2020-04-06T09:01:31Z,https://github.com/apache/tvm/issues/5245
5303,apache/tvm,v0.6.0,Improper Control of Compilation Availability,IR Transformation Errors,"The TIR LoopPartition optimization pass can incorrectly transform loop bounds/indices, producing TIR that writes outside the intended buffer region, leading to memory corruption when the generated code is executed.",[TIR] Buggy LoopPartition,2020-04-10T10:38:46Z,https://github.com/apache/tvm/issues/5303
5366,apache/tvm,v0.6.0,Incorrect Preservation of Model Semantics,IR Transformation Errors,"In the TIR lowering pass `lower_warp_memory`, the implementation cannot correctly process functions containing more than one warp-scoped buffer. This incorrect assumption leads to wrong or inconsistent lowered code (e.g., incorrect buffer mapping/rewrites), producing inference result inconsistencies without necessarily crashing.",[TIR] lower_warp_memory cannot handle >1 warp buffers,2020-04-18T07:25:20Z,https://github.com/apache/tvm/issues/5366
5388,apache/tvm,v0.6.0,Improper Control of Compilation Availability,Memory Management Defects,"In the Vulkan runtime, a vkBuffer is released before the queued memory copy command is submitted/executed on the GPU, so the GPU/driver may access freed or reallocated memory during the copy, leading to memory corruption and crashes.",[RUNTIME][VULKAN] vkBuffer released before memory copy command send to GPU,2020-04-21T01:06:46Z,https://github.com/apache/tvm/issues/5388
5404,apache/tvm,v0.6.0,Improper Control of Compilation Availability,Memory Management Defects,"The Relay backend memory planning/storage allocation path (graph_plan_memory / storage allocation) fails when compiling a module produced by the gradient (backward) pass, causing a build-time crash and preventing compilation availability for crafted models that trigger this code path.",[Gradient] Building module out of backward function (gradient pass) fails.,2020-04-22T12:50:01Z,https://github.com/apache/tvm/issues/5404
5514,apache/tvm,v0.6.0,CWE-20: Improper Input Validation,Memory Management Defects,"The runtime RPC/remote NDArray copy logic does not properly validate or safely handle very large array sizes, leading to integer overflow or buffer size miscalculation during serialization/deserialization and resulting in memory corruption and a crash when a crafted large NDArray is transferred.",RPC error for large arrays,2020-05-05T17:35:24Z,https://github.com/apache/tvm/issues/5514
5559,apache/tvm,v0.6.0,Incorrect Preservation of Model Semantics,IR Transformation Errors,"The TIR optimization pass HoistIfThenElse performs an unsound if-then-else hoisting transformation, which can change program semantics (leading to inference result inconsistency) and in some cases produce invalid TIR that triggers crashes during compilation or runtime.",[TIR] Bugs in HoistIfThenElse,2020-05-11T12:51:23Z,https://github.com/apache/tvm/issues/5559
5580,apache/tvm,v0.6.0,CWE-617: Reachable Assertion,Tensor Mapping Defects,"The ONNX frontend/importer triggers a TVM internal CHECK failure when converting a crafted or unsupported max_pool2d operator configuration, causing an immediate crash instead of handling the condition gracefully (e.g., via validation and a recoverable error).",[ONNX] check-fail with max_pool2d operator,2020-05-12T18:41:14Z,https://github.com/apache/tvm/issues/5580
5605,apache/tvm,v0.6.0,Improper Control of Compilation Availability,IR Transformation Errors,"The Relay pattern rewriter can segfault during IR optimization when processing certain patterns/graphs, indicating missing defensive checks (e.g., invalid node assumptions or null/invalid references) that allow a crafted model/IR to trigger a compiler crash and deny compilation availability.",[BUG] Pattern Reeriter Seg Fault,2020-05-16T00:59:44Z,https://github.com/apache/tvm/issues/5605
5632,apache/tvm,v0.6.0,Improper Control of Compilation Availability,Memory Management Defects,"WorkspacePool's destructor in the Vulkan runtime can dereference an invalid or null internal pointer during teardown (e.g., when initialization/allocations partially fail or objects are destroyed out of order), leading to a segmentation fault and potential memory corruption.",[RUNTIME][VULKAN] Seg fault in WorkspacePool's destructor,2020-05-20T06:24:00Z,https://github.com/apache/tvm/issues/5632
5798,apache/tvm,v0.6.0,Improper Control of Compilation Availability,Others,"The compiler crashes during lowering/IR transformation when presented with a model containing a very large number of operations, indicating missing scalability safeguards (e.g., recursion depth, memory growth, or algorithmic complexity) and insufficient handling of unusually large inputs, allowing a crafted large program/model to trigger a denial-of-service via crash.",Can't build large number of operations,2020-06-13T15:28:52Z,https://github.com/apache/tvm/issues/5798
6140,apache/tvm,v0.6.1,Improper Control of Compilation Availability,Memory Management Defects,"A TensorFlow frontend model (SSD) triggers a failure in Relay backend graph_plan_memory/storage allocation initialization, causing the compiler/runtime to crash instead of handling the model and memory planning edge cases safely, impacting compilation/inference availability.",[Bug Report][Unit Test Failed] Failed to run the tensorflow frontend test_forward_ssd unit test,2020-07-27T01:53:57Z,https://github.com/apache/tvm/issues/6140
6205,apache/tvm,v0.6.1,CWE-704: Incorrect Type Conversion or Cast,Backend Inconsistencies,"The Rust runtime/FFI layer uses `unsafe transmute` to reinterpret values across the TVM FFI boundary without validating layout/size/alignment or ensuring the source and destination types are compatible. A crafted or mismatched FFI value can be misinterpreted, leading to memory corruption (including out-of-bounds writes) and runtime crashes.",[Rust] unsafe transmute cause runtime error,2020-08-04T08:50:15Z,https://github.com/apache/tvm/issues/6205
6210,apache/tvm,v0.6.1,CWE-20: Improper Input Validation,Tensor Mapping Defects,"Relay/shape inference allows Reshape operations without checking that the requested new shape is compatible with the number of elements in the input tensor, enabling crafted models to trigger crashes, inconsistent inference results, or downstream shape-related failures.",Reshape does not check that shape change is valid,2020-08-04T22:19:47Z,https://github.com/apache/tvm/issues/6210
6237,apache/tvm,v0.6.1,CWE-682: Incorrect Calculation,Numerical Computing Defects,"The Relay Resize operator in TVM v0.6.1 produces numerically incorrect outputs compared to expected framework/reference behavior, indicating a semantic mismatch in the operator implementation (e.g., coordinate transform, rounding, interpolation, or layout handling), leading to inconsistent inference results without necessarily crashing.",Resize produces incorrect results,2020-08-08T03:39:14Z,https://github.com/apache/tvm/issues/6237
6263,apache/tvm,v0.6.1,Incorrect Preservation of Model Semantics,Tensor Mapping Defects,"A change introduced in TVM issue/PR #4312 causes Huggingface BERT ONNX graphs to be imported into Relay incorrectly, leading to inference result inconsistencies (semantic mismatch) between the original ONNX model and the compiled Relay model.",#4312 broke Huggingface BERT ONNX import,2020-08-13T03:12:54Z,https://github.com/apache/tvm/issues/6263
6268,apache/tvm,v0.6.1,CWE-617: Reachable Assertion,Invariant Violations,"Relay IRModule construction/type inference assumes all referenced static tensor types have corresponding entries in the type definition table; when a crafted or malformed module references an undefined static_tensor_float32_* type, a CHECK fails (it != type_definitions.end()) and aborts, causing a crash.",TVMError: Check failed: it != type_definitions.end(): There is no definition of static_tensor_float32_*,2020-08-13T08:12:58Z,https://github.com/apache/tvm/issues/6268
6300,apache/tvm,v0.6.1,CWE-704: Incorrect Type Conversion or Cast,Tensor Mapping Defects,"In the PyTorch frontend lowering, a cast to Long (int64) is incorrectly translated into a Relay cast to float32, causing semantic mismatch in the compiled model and potentially leading to inconsistent inference results or downstream crashes due to unexpected types.",[Frontend][PyTorch] Cast to Long gets translated into cast to float32,2020-08-18T23:25:25Z,https://github.com/apache/tvm/issues/6300
6376,apache/tvm,v0.6.1,Improper Control of Compilation Availability,Memory Management Defects,"The Metal runtime device API fails to correctly release/free allocated resources, causing memory to accumulate across executions and enabling resource exhaustion (availability impact) when triggered repeatedly.",[BUG] Memory leak in Metal runtime device api,2020-09-01T23:36:41Z,https://github.com/apache/tvm/issues/6376
6414,apache/tvm,v0.6.1,Incorrect Preservation of Model Semantics,Tensor Mapping Defects,"In the PyTorch importer/frontend lowering, N-D strided slicing is translated into TVM/Relay strided_slice without correctly honoring the stride argument, causing the compiled model to compute different slice results than the original PyTorch model and potentially triggering downstream crashes due to unexpected shapes/values.",Bug: Strided N-D slicing in torch model ignoring the stride argument (strided_slice),2020-09-07T14:49:44Z,https://github.com/apache/tvm/issues/6414
6432,apache/tvm,v0.6.1,CWE-754: Improper Check for Unusual or Exceptional Conditions,Tensor Mapping Defects,"During PyTorch-to-Relay frontend import, the presence of torch.stack leads to missing/unknown shape information such that BatchNorm cannot determine its output shape, causing type inference to fail and the compilation process to crash/abort on crafted models using this operator pattern.",[torch] Using torch.stack causes BatchNorm not to be able to determine output shape,2020-09-09T13:27:54Z,https://github.com/apache/tvm/issues/6432
6441,apache/tvm,v0.6.1,Incorrect Preservation of Model Semantics,Tensor Mapping Defects,"The frontend importer lowers ONNX StridedSlice but ignores or mishandles the provided stride argument, producing Relay slicing semantics equivalent to unit stride. This causes compiled models to compute different results than the original ONNX model (and may trigger downstream shape/logic issues leading to crashes).",ONNX strided slice ignoring stride argument,2020-09-10T11:00:49Z,https://github.com/apache/tvm/issues/6441
6588,apache/tvm,v0.6.1,CWE-682: Incorrect Calculation,Numerical Computing Defects,"The CUDA dense implementation in TVM v0.6.1 generates code that yields inaccurate/inconsistent outputs versus expected Relay semantics, causing inference result divergence without an explicit crash (semantic equivalence violation).",[Relay][BUG] nn.dense accuracy error,2020-09-29T09:42:33Z,https://github.com/apache/tvm/issues/6588
6596,apache/tvm,v0.6.1,CWE-20: Improper Input Validation,Memory Management Defects,"The TIR boundary checking / predicate insertion pass does not correctly handle iterators whose bounds depend on surrounding loop variables, so generated code can omit necessary predicates and perform out-of-bounds memory accesses, leading to crashes or memory corruption with crafted schedules/models.",Support Boundary Checking for Loop Dependent Iterators,2020-09-30T10:18:26Z,https://github.com/apache/tvm/issues/6596
6607,apache/tvm,v0.6.1,CWE-704: Incorrect Type Conversion or Cast,Tensor Mapping Defects,"During PyTorch model import / Relay type inference, TVM misidentifies an integer-typed value as float and inserts a cast to float32, causing a type mismatch and potential crash or incorrect execution due to loss of original integer semantics.","[Frontend][PyTorch] TVM casts to float32, when actual type is int",2020-10-01T15:45:57Z,https://github.com/apache/tvm/issues/6607
6608,apache/tvm,v0.6.1,CWE-617: Reachable Assertion,Invariant Violations,"Relay type checking/type inference can hit a CHECK(data != nullptr) assertion with certain inputs/IR states, causing an immediate crash instead of handling the condition gracefully, enabling a denial-of-service via crafted models/programs.",CHECK(data != nullptr) causes type checking to fail,2020-10-01T16:07:33Z,https://github.com/apache/tvm/issues/6608
6653,apache/tvm,v0.7.0,CWE-754: Improper Check for Unusual or Exceptional Conditions,Invariant Violations,"During Relay frontend parsing/IR construction and attribute decoding, an incorrect or unexpected data type value is not validated/handled via a recoverable exception path; instead the code reaches an abort() (likely via fatal check/assert), allowing a crafted model/IR to crash the compiler and impact availability.",Incorrect data type in relay causes abort() rather than exception,2020-10-09T03:08:50Z,https://github.com/apache/tvm/issues/6653
6803,apache/tvm,v0.7.0,Incorrect Preservation of Model Semantics,IR Transformation Errors,"Relay's Dead Code Elimination pass incorrectly treats reference-related operations as removable when their results appear unused, failing to account for side effects (mutation/aliasing) and thereby changing program/model semantics and producing inconsistent inference results.",[Relay] Dead Code Elimination is unsound with references,2020-10-30T17:52:18Z,https://github.com/apache/tvm/issues/6803
6869,apache/tvm,v0.7.0,CWE-754: Improper Check for Unusual or Exceptional Conditions,IR Transformation Errors,"Ansor (auto-scheduling) cannot find any working TIR schedule for some Relay tasks, causing compilation to fail/crash instead of gracefully reporting an unsupported case or falling back to a safe default schedule.",[Relay][Ansor] cannot find a working schedule for certain tasks,2020-11-06T20:30:28Z,https://github.com/apache/tvm/issues/6869
6884,apache/tvm,v0.7.0,CWE-754: Improper Check for Unusual or Exceptional Conditions,Invariant Violations,"CodeGenC::PrintSSAAssign can be reached with an unexpected/invalid SSA assignment state (e.g., missing/unsupported RHS/LHS expression), leading to a crash during C source emission instead of gracefully rejecting or handling the IR.",BUG in CodeGenC::PrintSSAAssign,2020-11-08T13:56:57Z,https://github.com/apache/tvm/issues/6884
7067,apache/tvm,v0.7.0,CWE-754: Improper Check for Unusual or Exceptional Conditions,IR Transformation Errors,"A crafted or unsupported QNN Relay graph causes the BYOC MergeComposite transformation to generate an inconsistent/ill-typed IR, leading the TypeInferencer/TypeSolver to fail (crash) during Relay type inference, impacting compilation availability.",[QNN] [BYOC] MergeComposite pass breaks on QNN graph,2020-12-09T07:40:19Z,https://github.com/apache/tvm/issues/7067
7096,apache/tvm,v0.7.0,CWE-754: Improper Check for Unusual or Exceptional Conditions,Tensor Mapping Defects,"The ONNX-to-Relay frontend inconsistently represents undefined dimensions (Relay uses relay.Any() while ONNX commonly uses -1), leading to mismatched shape reasoning and a crash during import/compilation when models contain dynamic shapes.",Missmatching of undefined shape value relay.Any() vs -1,2020-12-11T19:54:30Z,https://github.com/apache/tvm/issues/7096
7104,apache/tvm,v0.7.0,Improper Control of Compilation Availability,Memory Management Defects,"When loading or invoking a packed function for an ONNX Inception v1 model with the ACL (Arm Compute Library) integration enabled, TVM can hit a segmentation fault, indicating missing safety checks/robust handling in the runtime integration layer that allows a crafted or simply incompatible model to crash the process (availability impact).",Segmentation fault with ACL integration on onnx inception v1,2020-12-14T08:39:35Z,https://github.com/apache/tvm/issues/7104
7200,apache/tvm,v0.7.0,Improper Control of Compilation Availability,Memory Management Defects,"Compiling an ONNX model containing MatMul at opt_level=2 triggers a failure in Relay backend memory planning (graph_plan_memory / storage allocation), indicating the planner does not robustly handle certain operator/layout/shape cases and can be crashed by a crafted model, causing compilation denial-of-service.",[Bug] Error when compiling a simple ONNX model with MatMul operator for opt_level=2,2021-01-04T11:32:55Z,https://github.com/apache/tvm/issues/7200
7201,apache/tvm,v0.7.0,Improper Control of Compilation Availability,Backend Inconsistencies,"A Relay IR optimization/analysis pass executed at opt_level=3 fails on a valid/simple ONNX model, leading to an unhandled internal error and compilation crash (denial of service via crafted model/graph).",[Bug] Error when compiling a simple ONNX model for opt_level=3,2021-01-04T11:38:12Z,https://github.com/apache/tvm/issues/7201
7246,apache/tvm,v0.7.0,Improper Control of Compilation Availability,Others,"Using tvm.tir.call_packed() inside a parallelized schedule can invoke PackedFunc through a non-thread-safe path (e.g., shared global/runtime state or missing synchronization), leading to a race condition that can crash or destabilize compilation/inference when triggered by a crafted schedule/model.","[BUG][Tensorize] race condition when using ""tvm.tir.call_packed()"" in a parallel schedule. ",2021-01-11T11:32:34Z,https://github.com/apache/tvm/issues/7246
7247,apache/tvm,v0.7.0,CWE-704: Incorrect Type Conversion or Cast,Tensor Mapping Defects,"The OpenCL backend code generator emits a floating-point type for an index used to access local memory, leading to invalid generated code and a crash/failure during compilation or execution when triggered by certain schedules/kernels.",[BUG]( OPENCL Code-generate) Generate float type of index for local memory,2021-01-11T12:56:45Z,https://github.com/apache/tvm/issues/7247
7252,apache/tvm,v0.7.0,CWE-754: Improper Check for Unusual or Exceptional Conditions,Backend Inconsistencies,"LLVM/TIR lowering encounters a tir.ProducerLoad node without a defined default handling path, triggering a TVMError and crashing compilation instead of gracefully rejecting or lowering the construct.",[BUG][LLVM-Codegen] TVMError: Do not have a default for tir.ProducerLoad,2021-01-11T21:19:25Z,https://github.com/apache/tvm/issues/7252
7292,apache/tvm,v0.7.0,CWE-20: Improper Input Validation,Invariant Violations,The TVM runtime/build artifact invocation path does not robustly check that the provided Tensor/NDArray arguments match the expected type/shape/layout for the compiled function; passing an incompatible tensor leads to unsafe memory access and a segmentation fault instead of a handled error.,[BUG] Passing wrong Tensor to tvm.build segfaults,2021-01-15T19:03:43Z,https://github.com/apache/tvm/issues/7292
7310,apache/tvm,v0.7.0,CWE-754: Improper Check for Unusual or Exceptional Conditions,Invariant Violations,"A crafted or malformed ONNX BERT model combined with provided tuning information can trigger an unhandled failure in Relay type inference/type checking during relay.build, causing a compilation-time crash and resulting in denial of service (loss of compilation availability).",Error of compilation ONNX BERT with tune information,2021-01-19T21:22:36Z,https://github.com/apache/tvm/issues/7310
7399,apache/tvm,v0.7.0,Improper Control of Compilation Availability,Memory Management Defects,"Repeated compilation/execution setup of PyTorch models in TVM appears to retain allocated resources (e.g., runtime modules, graph/executor state, or associated buffers) without proper release, causing unbounded memory growth and potential denial-of-service via resource exhaustion.",TVM compile pytorch model mutliple times seems to have memory leak,2021-02-03T07:38:40Z,https://github.com/apache/tvm/issues/7399
7420,apache/tvm,v0.7.0,CWE-20: Improper Input Validation,IR Transformation Errors,"During scheduling/TIR lowering, the compiler allows `parallel` on a reduction axis for CPU without rigorous checks (e.g., ensuring a valid associative/commutative reduction with proper privatization/atomic updates). This can introduce data races and non-deterministic accumulation order, leading to inconsistent or incorrect inference results compared to the original model semantics.",Parallel on Reduction Axis in CPU needs rigorous checking,2021-02-08T03:28:19Z,https://github.com/apache/tvm/issues/7420
7421,apache/tvm,v0.7.0,Incorrect Preservation of Model Semantics,Tensor Mapping Defects,"When a buffer is assigned the 'local' memory scope, TVM’s GPU lowering/memory-scope handling generates code that produces incorrect values (semantic mismatch vs. expected computation), leading to inconsistent inference results without necessarily crashing.",[Bug] Incorrect results if memory scope is set to 'local',2021-02-08T04:57:57Z,https://github.com/apache/tvm/issues/7421
7530,apache/tvm,v0.7.0,CWE-754: Improper Check for Unusual or Exceptional Conditions,IR Transformation Errors,"Relay constant folding attempts to evaluate/fold a Dropout op (which is training-mode/randomness dependent and typically not foldable), leading to an internal error/crash during pass execution and causing compilation to fail on crafted models containing Dropout.",[Bug] Error in constant folding when model has dropout operator,2021-02-25T05:17:17Z,https://github.com/apache/tvm/issues/7530
7565,apache/tvm,v0.7.0,CWE-754: Improper Check for Unusual or Exceptional Conditions,Backend Inconsistencies,"The bring-your-own-codegen C demo crashes when encountering Relay programs that produce or consume tuples, indicating missing handling/validation for tuple nodes in the Relay VM codegen/external codegen integration path, leading to a compilation/runtime availability failure on crafted models using tuples.",Bring-your-own-codegen c demo doesn't seem to handle tuples,2021-03-02T17:09:38Z,https://github.com/apache/tvm/issues/7565
7599,apache/tvm,v0.7.0,Incorrect Preservation of Model Semantics,Tensor Mapping Defects,"The TOPI compute/shape inference for tvm.topi.nn.conv3d_ndhwc() produces an incorrect output tensor shape when used via the auto_scheduler, leading to a compiled model whose operator output dimensions differ from the intended semantics and thus causing inconsistent/incorrect inference results.","[BUG][conv3d]output shape error when using ""tvm.topi.nn.conv3d_ndhwc( )"" in auto_scheduler.",2021-03-05T03:32:04Z,https://github.com/apache/tvm/issues/7599
7678,apache/tvm,v0.7.0,Incorrect Preservation of Model Semantics,IR Transformation Errors,"The issue reports a decline in model accuracy after compilation, indicating that frontend conversion (ONNX to Relay) and/or subsequent Relay optimization passes can transform the graph in a way that changes numerical behavior or operator semantics compared to the original model, producing inconsistent inference results without necessarily crashing.",[BUG] The accuracy of the compiled model declines.,2021-03-17T03:53:57Z,https://github.com/apache/tvm/issues/7678
7682,apache/tvm,v0.7.0,CWE-20: Improper Input Validation,Memory Management Defects,"The Threefry runtime kernel (threefry_generate) mishandles certain out_shape values, leading to invalid memory access (likely writing past allocated output buffer) and causing a segmentation fault/crash, indicating memory corruption triggered by crafted tensor shapes.",[BUG][Threefry] Seg fault when running threefry_generate with some out_shape,2021-03-17T07:22:37Z,https://github.com/apache/tvm/issues/7682
7729,apache/tvm,v0.7.0,Improper Control of Compilation Availability,Memory Management Defects,"The compiler's line backtrace/debug information logic can recurse without a termination condition (e.g., through deeply nested or cyclic source-span/IR node relationships), allowing a crafted model/IR to trigger stack overflow and crash during middle-end analysis/passes.",[Bug] Line backtrace results in stack overflow,2021-03-24T00:53:49Z,https://github.com/apache/tvm/issues/7729
7730,apache/tvm,v0.7.0,Incorrect Preservation of Model Semantics,Tensor Mapping Defects,"During Relay-to-CUDA/CuBLAS codegen, the backend omits inserting a needed broadcast_to before batch_matmul, causing shape/stride mismatches that can lead to incorrect execution and potentially a crash when CuBLAS is invoked with incompatible tensor layouts.",[Bug] Missing broadcast_to before batch_matmul for CuBLAS,2021-03-24T01:34:41Z,https://github.com/apache/tvm/issues/7730
7758,apache/tvm,v0.7.0,CWE-754: Improper Check for Unusual or Exceptional Conditions,Memory Management Defects,"TVM RPC runtime fails (crash/transfer failure) when asked to allocate or transfer very large arrays to an Android remote device, indicating missing validation/limits and inadequate error handling for exceptional conditions (e.g., device memory exhaustion or oversized allocation requests), enabling denial-of-service via crafted large tensor sizes.",TVM RPC will fail when allocating large arrays on an Android phone,2021-03-27T03:17:26Z,https://github.com/apache/tvm/issues/7758
7799,apache/tvm,v0.7.0,Improper Control of Compilation Availability,Backend Inconsistencies,"A segmentation fault occurs during LLVM target configuration/backend lowering on aarch64 when running the Python integration test script, indicating a reachable crash in the code generation path that can impair compilation/inference availability for that target.",tests/scripts/task_python_integration.sh failing due to segmentaiton fault on aarch64.,2021-04-06T09:25:15Z,https://github.com/apache/tvm/issues/7799
7886,apache/tvm,v0.7.0,CWE-754: Improper Check for Unusual or Exceptional Conditions,Tensor Mapping Defects,"A crafted Relay program using dyn.strided_slice triggers a crash in the DynamicToStatic / build-time shape handling path due to missing/incorrect checks for dynamic dimensions or slice parameters, causing the compiler to fail (denial of compilation availability).",error for dyn.strided_slice,2021-04-20T07:57:24Z,https://github.com/apache/tvm/issues/7886
8058,apache/tvm,v0.7.0,CWE-20: Improper Input Validation,Tensor Mapping Defects,"Relay type inference and operator shape relations sometimes accept shapes containing negative dimension values instead of rejecting them, allowing malformed programs/models to reach later compilation/runtime stages and trigger crashes or reliability degradation.",Type checking sometimes allows negative dimensions in shape,2021-05-17T19:35:39Z,https://github.com/apache/tvm/issues/8058
8062,apache/tvm,v0.7.0,CWE-704: Incorrect Type Conversion or Cast,Tensor Mapping Defects,"The AOT C codegen emits or propagates incorrect C types (e.g., mismatched element/byte sizes or pointer types) during memory planning/code generation, leading to miscomputed buffer accesses and layout. This type mismatch can cause out-of-bounds memory accesses/memory corruption, crashes, and inconsistent inference results when compiling crafted models.",AOT C Codegen Type Issue,2021-05-17T22:18:06Z,https://github.com/apache/tvm/issues/8062
8087,apache/tvm,v0.7.0,CWE-682: Incorrect Calculation,Numerical Computing Defects,"The conv2d_transpose_nchw TOPI compute and/or te.gradient logic appears to mishandle the edge case of kernel size (1,1), producing inconsistent or incorrect results without necessarily crashing, indicating a semantic mismatch introduced at the high-level IR compute/auto-diff stage.","topi.nn.conv2d_transpose_nchw and te.gradient behave strange for kernel size (1,1)",2021-05-20T06:48:06Z,https://github.com/apache/tvm/issues/8087
8093,apache/tvm,v0.7.0,CWE-682: Incorrect Calculation,Tensor Mapping Defects,"During TIR lowering/optimization, the StorageFlatten (index flattening) transformation computes/rewrites buffer indices incorrectly, producing a wrong flattened index expression. This leads to accessing the wrong logical elements (without necessarily crashing), causing inference result inconsistency between the original and compiled model.",Bug in StorageFlatten Cause Mussy Index,2021-05-20T14:45:05Z,https://github.com/apache/tvm/issues/8093
8145,apache/tvm,v0.7.0,CWE-754: Improper Check for Unusual or Exceptional Conditions,Backend Inconsistencies,"The auto-scheduler (during schedule search/history replay) can produce an OpenCL schedule whose derived local workgroup size is invalid for the target device/kernel constraints, leading to an OpenCL runtime error and crash/failure when launching the generated kernel.",Auto-scheduler tuned OpenCL kernel produces Invalid Workgroup Size Error,2021-05-27T02:40:15Z,https://github.com/apache/tvm/issues/8145
8233,apache/tvm,v0.7.0,Improper Control of Compilation Availability,Memory Management Defects,"The TVM runtime/VM memory allocator fails to properly reuse or release allocations across repeated inferences with dynamic shapes, causing cumulative memory consumption that eventually triggers out-of-memory and a crash, enabling availability/resource-exhaustion via crafted dynamic-shape inputs or models.",[Bug] Repeated inference with dynamic shape leads to out of memory error,2021-06-10T02:50:41Z,https://github.com/apache/tvm/issues/8233
8308,apache/tvm,v0.7.0,CWE-682: Incorrect Calculation,Tensor Mapping Defects,"In the TIR transform stage (storage_rewrite / buffer merging and index remap), the compiler computes an incorrect base offset for a merged buffer when vectorized loads/stores are present. This mis-remapping causes reads/writes to target the wrong memory locations, producing inference result inconsistencies without necessarily crashing.",[BUG] Incorrect buffer offset for vectorized computation,2021-06-23T03:36:45Z,https://github.com/apache/tvm/issues/8308
8410,apache/tvm,v0.7.0,CWE-754: Improper Check for Unusual or Exceptional Conditions,Invariant Violations,"The tir.transform.DecorateDeviceScope pass can trigger a segmentation fault when processing certain TIR modules, indicating unsafe handling of IR state (e.g., invalid assumptions about node structure/attributes) without proper validation, leading to a compiler/runtime crash and loss of availability.",[BUG] Segmentation fault during executing a module that uses pass tir.transform.DecorateDeviceScope,2021-07-06T15:23:31Z,https://github.com/apache/tvm/issues/8410
8441,apache/tvm,v0.7.0,Incorrect Preservation of Model Semantics,Tensor Mapping Defects,"The nn.dense operator produces incorrect or inconsistent inference results when input dimensions are dynamic, indicating the codegen path assumes static shapes (or fails to correctly propagate/compute runtime shape information), breaking semantic equivalence for models using dynamic shapes.",[BUG] nn.dense does not work for dynamic shapes,2021-07-10T02:06:57Z,https://github.com/apache/tvm/issues/8441
8534,apache/tvm,v0.7.0,CWE-704: Incorrect Type Conversion or Cast,Backend Inconsistencies,"The Rust `tvm-graph-rt` crate declares/uses an incorrect `BackendPackedCFunc` type compared to the C runtime ABI, causing an incompatible function pointer/calling convention at the FFI boundary that can lead to runtime crashes when invoked.",`tvm-graph-rt` uses wrong type of `BackendPackedCFunc`,2021-07-23T01:36:26Z,https://github.com/apache/tvm/issues/8534
8540,apache/tvm,v0.7.0,CWE-754: Improper Check for Unusual or Exceptional Conditions,Memory Management Defects,"During vectorization lowering for float16 on the CUDA backend, TVM can emit vectorized loads/stores that assume stricter alignment than the actual buffer provides, leading to misaligned global memory accesses and a runtime CUDA crash (misaligned address) when triggered by crafted schedules/shapes.",[BUG] CUDA misaligned address when vectorizing float16,2021-07-23T15:10:07Z,https://github.com/apache/tvm/issues/8540
8616,apache/tvm,v0.7.0,CWE-682: Incorrect Calculation,Numerical Computing Defects,"The IR optimization pass performs an invalid rewrite/simplification of vectorized floormod expressions, changing the mathematical semantics of the operation for some inputs and leading to inconsistent/incorrect inference results without necessarily crashing.", Invalid vector floormod rewrite.,2021-08-01T19:07:15Z,https://github.com/apache/tvm/issues/8616
8759,apache/tvm,v0.7.0,Incorrect Preservation of Model Semantics,Tensor Mapping Defects,"Relay AlterOpLayout fails to correctly insert/wrap strided_slice with the required layout_transform operations when changing layouts, leading to semantic mismatch between the original and transformed graphs (inference result inconsistency) and potentially triggering crashes due to inconsistent tensor layout assumptions.",[Bug] AlterLayout doesn't correctly wrap strided_slice with layout_transforms,2021-08-16T16:28:43Z,https://github.com/apache/tvm/issues/8759
8783,apache/tvm,v0.7.0,CWE-754: Improper Check for Unusual or Exceptional Conditions,Backend Inconsistencies,"The C codegen path for optimized TIR triggers an internal failure (e.g., unhandled IR pattern/assumption violation) leading to a compiler crash during code emission, allowing a crafted model/TIR to cause denial of service of compilation.",Error emitting Optimized C Code,2021-08-18T10:11:50Z,https://github.com/apache/tvm/issues/8783
8800,apache/tvm,v0.7.0,CWE-704: Incorrect Type Conversion or Cast,Backend Inconsistencies,"The Rust-to-TVMRetValue ByteArray conversion mishandles buffer length/ownership or pointer/size metadata at the runtime FFI boundary, enabling memory corruption (e.g., writing past allocated bounds) and crashes when crafted byte arrays are passed through the API.",[Rust] Fix ByteArray conversion to TVMRetValue from Rust.,2021-08-19T17:34:42Z,https://github.com/apache/tvm/issues/8800
8953,apache/tvm,v0.7.0,CWE-787: Out-of-bounds Write,Memory Management Defects,"The microTVM CRT graph executor uses bounded/static buffers for graph JSON loading and name storage, but fused-operator names can be truncated/constructed in a way that exceeds these buffer lengths. A crafted model/graph with long fused op names can trigger writes past the allocated buffer during JSON loading/parameter parsing, leading to memory corruption and crashes.",[Bug] [microTVM] Truncated names of fused operators exceed CRT graph executor buffer lengths,2021-09-07T19:02:42Z,https://github.com/apache/tvm/issues/8953
9036,apache/tvm,v0.7.0,Improper Control of Compilation Availability,IR Transformation Errors,"AoT code generation emits an invalid packed-function call sequence when a Relay model contains BYOC-partitioned subgraphs with multiple outputs, leading to mismatched argument/return buffer handling and incorrect memory accesses that can crash or corrupt memory during inference.",[Bug] [BYOC] AoT Codegen produces invalid packed function call for relay models using multi-output subgraphs,2021-09-17T11:22:33Z,https://github.com/apache/tvm/issues/9036
9078,apache/tvm,v0.7.0,Incorrect Preservation of Model Semantics,Tensor Mapping Defects,"The TFLite-to-Relay frontend imports the Softmax operator assuming a channel-first axis/layout, while TFLite Softmax semantics are channel-last (or depend on the tensor’s layout/axis). This mismatch applies Softmax over the wrong dimension, producing inconsistent inference results without necessarily crashing.",[Bug] Softmax in TFLite converter is channel first instead of channel last,2021-09-22T19:57:24Z,https://github.com/apache/tvm/issues/9078
9109,apache/tvm,v0.7.0,CWE-682: Incorrect Calculation,Numerical Computing Defects,"The Relay/TOPI implementation of cross_entropy_with_logits is mathematically incorrect and/or inconsistent with the expected framework semantics, causing wrong inference results and potentially triggering crashes when compiled models rely on the correct operator behavior.",Incorrect implementation of cross_entropy_with_logits,2021-09-24T22:27:59Z,https://github.com/apache/tvm/issues/9109
9226,apache/tvm,v0.7.0,Incorrect Preservation of Model Semantics,IR Transformation Errors,"The TE->TIR tensorize pass for the conv2d_nhwc_direct_simd.arm_cpu schedule produces incorrect results for certain workload shapes/parameters, indicating a semantic mismatch between the intended convolution computation and the lowered/tensorized TIR (wrong output without necessarily crashing).",[Bug] conv2d_nhwc_direct_simd.arm_cpu schedule has incorrect output with certain workloads,2021-10-07T22:52:17Z,https://github.com/apache/tvm/issues/9226
9242,apache/tvm,v0.7.0,Incorrect Preservation of Model Semantics,IR Transformation Errors,"Applying fine-tuned auto-schedules for the OpenCL target produces kernels that compute incorrect results compared to the original model/expected output, indicating a semantic miscompilation during schedule application/code generation rather than a runtime crash.",[Bug] Fine tuned OpenCL gives incorrect outputs,2021-10-11T06:37:10Z,https://github.com/apache/tvm/issues/9242
9250,apache/tvm,v0.7.0,CWE-20: Improper Input Validation,Invariant Violations,"The TIR SSA verifier appears to have unclear or incorrect rules for validating SSA form, allowing IR that violates SSA constraints (or rejecting valid IR). This can lead to inconsistent or incorrect lowering/optimization behavior and thus inference result inconsistencies without an explicit failure.",[Potential Bug] SSAVerifier needs some clarification and/or fix ,2021-10-11T17:54:58Z,https://github.com/apache/tvm/issues/9250
9362,apache/tvm,v0.7.0,Improper Control of Compilation Availability,Backend Inconsistencies,"TVM and PyTorch load conflicting LLVM symbols (e.g., due to differing LLVM builds/ABIs or non-isolated symbol visibility), causing the process to crash during FFI/dynamic library loading and preventing compilation/inference availability.",[Bug]  PyTorch and TVM loading problem due to conflicting LLVM symbols,2021-10-25T11:18:53Z,https://github.com/apache/tvm/issues/9362
9401,apache/tvm,v0.7.0,Improper Control of Compilation Availability,Memory Management Defects,"The TIR optimization passes PlanAndUpdateBufferAllocationLocation and CompactBufferAllocation can leave a buffer with an invalid/incorrect name/identity, causing subsequent transformations or codegen to reference the wrong buffer. This can lead to mis-addressed memory accesses and potential memory corruption/crashes when the generated code reads/writes using the corrupted buffer reference.",[Bug] buffer name  becomes invalid  after applying pass PlanAndUpdateBufferAllocationLocation and CompactBufferAllocation,2021-10-30T17:26:06Z,https://github.com/apache/tvm/issues/9401
9406,apache/tvm,v0.7.0,CWE-20: Improper Input Validation,Invariant Violations,"tvm.build crashes when a user manually constructs a tir.isnan expression via tir.Call, indicating the lowering/code generation path assumes a specific canonical form and lacks robust checks for unexpected but representable TIR Call nodes, leading to a compiler crash (availability impact).",[Bug] Crash in tvm.build when constructing the tir.isnan expression manually by tir.Call,2021-11-01T05:35:31Z,https://github.com/apache/tvm/issues/9406
9407,apache/tvm,v0.7.0,CWE-754: Improper Check for Unusual or Exceptional Conditions,IR Transformation Errors,"Using the same variable symbol in both a LetStmt binding and a Select expression triggers an internal inconsistency in TIR optimization (analyzer-driven IR mutation), leading to a compiler crash instead of safely rejecting or correctly rewriting the IR.",[Bug] Crash if we use the same variable in LetStmt and Select Expr,2021-11-01T07:53:22Z,https://github.com/apache/tvm/issues/9407
9448,apache/tvm,v0.7.0,Incorrect Preservation of Model Semantics,Memory Management Defects,"GraphExecutor::set_input_zero_copy can bind an external NDArray buffer directly to an input tensor without ensuring that subsequent reshape/view operations preserve the intended layout/contiguity. When the model reshapes the input, the runtime may interpret the aliased buffer with incorrect shape/stride semantics, producing silent accuracy errors (inference result inconsistency) instead of preserving the original model’s behavior.",[Bug] GraphExecutor set_input_zero_copy introduces accuracy error when used with reshape,2021-11-04T20:13:20Z,https://github.com/apache/tvm/issues/9448
9476,apache/tvm,v0.7.0,CWE-754: Improper Check for Unusual or Exceptional Conditions,IR Transformation Errors,"During CPU auto-scheduler tuning, the layout rewrite / TE->TIR transformation path mishandles the `batch_matmul(x, x)` case (same tensor used for both operands), producing an invalid transformation that triggers a compiler/runtime crash and prevents successful compilation/tuning.","[Bug] Auto scheduler tuning on CPU fails on `batch_matmul(x, x)`",2021-11-09T07:30:15Z,https://github.com/apache/tvm/issues/9476
9570,apache/tvm,v0.7.0,CWE-476: NULL Pointer Dereference,Memory Management Defects,"When a module built with GraphExecutorFactory and the -link-params option is loaded/initialized, the runtime graph executor assumes parameter storage/metadata is present in the expected format. With linked parameters this assumption can be violated, leading to dereferencing an invalid or null pointer and causing a segmentation fault during module loading/initialization.",[Bug] using GraphExecutorFactory with -link-params results in runtime segfault,2021-11-23T21:59:39Z,https://github.com/apache/tvm/issues/9570
9598,apache/tvm,v0.8,CWE-787: Out-of-bounds Write,Memory Management Defects,"During TE schedule lowering to TIR (including bound-check insertion), the reduction init statement for a tensor placed with compute_at is emitted without the necessary predicate guarding the valid iteration domain. This can cause the init to execute for out-of-bounds indices, leading to memory corruption and crashes with crafted schedules/shapes.",[Bug] Missing predicate guarding reduction init for a tensor scheduled with compute_at,2021-11-26T21:25:57Z,https://github.com/apache/tvm/issues/9598
9813,apache/tvm,v0.8,CWE-754: Improper Check for Unusual or Exceptional Conditions,Tensor Mapping Defects,"A crafted Relay graph placing argmin immediately after conv2d triggers a layout inference/AlterOpLayout mismatch, leading to an internal layout error and compiler crash during Relay graph optimization, impacting compilation availability.",[Bug] Layout Error when Putting `argmin` after `conv2d`,2021-12-30T00:53:03Z,https://github.com/apache/tvm/issues/9813
9927,apache/tvm,v0.8,Improper Control of Compilation Availability,Memory Management Defects,"During Relay->TE compilation, ComputeOp::ComputeVerifier performs recursive verification over the TE expression/iteration structure produced by large Einsum inputs. The recursion depth scales with input/problem size without an iterative traversal or depth limit, leading to stack overflow (crash) and potential resource exhaustion from adversarially large models.",[Bug] `ComputeVerifier`: Stack overflow on `Einsum`s with large inputs,2022-01-13T16:29:55Z,https://github.com/apache/tvm/issues/9927
10012,apache/tvm,v0.8,CWE-754: Improper Check for Unusual or Exceptional Conditions,Memory Management Defects,"The CRT runtime enforces a limited maximum number of registered functions (e.g., via a fixed-size table/array). When a model/module registers more functions than this limit, the runtime does not robustly handle the exceptional condition (no safe rejection/resizing), resulting in crashes and potential memory corruption due to out-of-bounds/invalid table access.",[Bug] limited function numbers on crt runtime,2022-01-21T04:50:03Z,https://github.com/apache/tvm/issues/10012
10210,apache/tvm,v0.8,CWE-682: Incorrect Calculation,Numerical Computing Defects,"During TIR/GPU schedule lowering, the tree-reduction pattern using shared memory produces incorrect results when threadIdx.y is involved (i.e., 2D thread blocks). The reduction lowering likely assumes a 1D thread index or miscomputes per-thread offsets/synchronization across the y dimension, causing wrong accumulation and inference result inconsistency rather than a hard crash.",[Bug] Tree reduction with shared memory is buggy where there is threadIdx.y,2022-02-10T11:18:28Z,https://github.com/apache/tvm/issues/10210
10223,apache/tvm,v0.8,Incorrect Preservation of Model Semantics,Tensor Mapping Defects,"Relay operator type inference/shape function for Conv2DTranspose does not correctly account for the `groups` parameter, leading to wrong inferred shapes/semantics and potentially triggering downstream crashes or inconsistent inference results when compiling models that use grouped transposed convolutions.",[Bug] Conv2DTranspose with groups not working correctly,2022-02-11T15:56:56Z,https://github.com/apache/tvm/issues/10223
10309,apache/tvm,v0.8,CWE-754: Improper Check for Unusual or Exceptional Conditions,Tensor Mapping Defects,"After autoscheduler tuning on ARM CPU, the lowered TOPI/TE dense(matmul) compute ends up with a tensor_b shape mismatch, leading to an internal inconsistency that triggers a crash during compilation/lowering. A crafted model/workload that drives this tuning path can cause a denial-of-service via compiler crash.",[Bug] dense.py in matmul  tensor_b.shape mismatch after autoscheduler tuning in ARM CPU,2022-02-18T12:11:08Z,https://github.com/apache/tvm/issues/10309
10324,apache/tvm,v0.8,Improper Control of Compilation Availability,IR Transformation Errors,"When the Relay/VM compilation is run with opt_level=0, essential transformation/analysis passes (e.g., those establishing memory planning/ManifestAlloc prerequisites) are skipped, but later stages still assume their results. This leads to invalid memory allocation metadata/state and a resulting segmentation fault (potential memory corruption) triggered by a crafted model/program compiled under opt_level=0.",[Bug][VM] Segmentation fault triggered if opt level set to 0,2022-02-19T07:20:33Z,https://github.com/apache/tvm/issues/10324
10369,apache/tvm,v0.8,CWE-617: Reachable Assertion,Invariant Violations,"During AutoScheduler task extraction / compute DAG analysis, a model using `layout_free_placeholders` can trigger a code path where an expected mapping entry is absent, causing the assertion `name_it != name_to_arg.end()` to fail and crash the compiler instead of gracefully handling the unusual placeholder layout case.",[Bug][AutoScheduler] `name_it != name_to_arg.end()` check failed with `layout_free_placeholders`,2022-02-24T09:02:07Z,https://github.com/apache/tvm/issues/10369
10374,apache/tvm,v0.8,CWE-754: Improper Check for Unusual or Exceptional Conditions,Tensor Mapping Defects,"During AOTExecutorCodegen (LegalizePackedCalls), the device_id field for intermediate tensors is not populated, leading to incorrect device context handling at runtime and resulting in crashes or degraded reliability when executing generated code.",[Bug] AOTExecutorCodegen doesn't populate device_id of intermediate tensors,2022-02-24T18:29:13Z,https://github.com/apache/tvm/issues/10374
10390,apache/tvm,v0.8,CWE-754: Improper Check for Unusual or Exceptional Conditions,IR Transformation Errors,"The Relay FuseOps pass reads the link_params setting from the executor configuration instead of the target configuration, leading to inconsistent compilation settings and a crash during graph-level transformation under certain build configurations.",[Bug] fuse_ops takes link_params from executor instead of target,2022-02-25T17:32:13Z,https://github.com/apache/tvm/issues/10390
10398,apache/tvm,v0.8,CWE-476: NULL Pointer Dereference,Memory Management Defects,"InferType crashes when a Relay function calls a global identity function, indicating the type inference logic fails to properly handle or validate the resolved global function/its type (e.g., missing/undefined checked_type or function node), leading to a NULL dereference and compiler crash.",[Bug] InferType crashes when a relay function calls an global identity function,2022-02-27T14:30:03Z,https://github.com/apache/tvm/issues/10398
10404,apache/tvm,v0.8,CWE-754: Improper Check for Unusual or Exceptional Conditions,IR Transformation Errors,"A crafted or edge-case Relay graph triggers MergeComposite to merge/annotate nodes in a way that violates Relay IR/type invariants, leading to a crash during subsequent type inference and causing compilation to fail (availability impact).",[Bug] MergeComposite Pass breaks,2022-02-28T04:00:58Z,https://github.com/apache/tvm/issues/10404
10506,apache/tvm,v0.8,CWE-754: Improper Check for Unusual or Exceptional Conditions,Tensor Mapping Defects,"Relay quantization/operator legalization graph rewrite produces an IR with mismatched or invalid types, leading to a type error at inference time and causing a crash/availability loss when compiling or running the quantized model.",[Bug] type error when inference after quantization,2022-03-07T02:33:30Z,https://github.com/apache/tvm/issues/10506
10528,apache/tvm,v0.8,CWE-754: Improper Check for Unusual or Exceptional Conditions,Invariant Violations,"A simple Relay model (Conv2d followed by Squeeze) triggers a GetStoreRule failure during layout transformation/alter_op_layout, leading to a compiler crash instead of gracefully handling the unsupported/invalid layout rule case.",[Bug] GetStoreRule failure at simple Conv2d + Squeeze model,2022-03-08T06:38:01Z,https://github.com/apache/tvm/issues/10528
10545,apache/tvm,v0.8,Incorrect Preservation of Model Semantics,Backend Inconsistencies,"The compiled CUDA/PTX code can produce different inference outputs across repeated runs of the same model, indicating a semantic-equivalence violation likely due to nondeterministic GPU behavior (e.g., race conditions, uninitialized memory usage, or non-deterministic reduction/atomic ordering) introduced or not controlled by the code generation stage.",[Bug] TVM model give different results when run multiple times,2022-03-09T12:06:48Z,https://github.com/apache/tvm/issues/10545
10559,apache/tvm,v0.8,Incorrect Preservation of Model Semantics,Backend Inconsistencies,"The report describes inference outputs changing across repeated runs of the same compiled TVM model, indicating the compiled CUDA/PTX kernel execution is not semantically stable (e.g., due to nondeterministic parallel reductions, race conditions, or uninitialized/undefined memory usage), leading to inconsistent results without an explicit failure.",[Bug] TVM model give different results when run multiple times,2022-03-10T02:51:10Z,https://github.com/apache/tvm/issues/10559
10738,apache/tvm,v0.8,CWE-754: Improper Check for Unusual or Exceptional Conditions,Tensor Mapping Defects,"The ONNX frontend fails to correctly handle Reduce ops that produce scalar outputs (e.g., empty/None axes or full reduction), leading to an internal crash during ONNX->Relay conversion instead of gracefully validating or lowering the case.",[Bug][ONNX][EdgeCase] Crash on Scalar Reduce ,2022-03-23T19:40:03Z,https://github.com/apache/tvm/issues/10738
10857,apache/tvm,v0.8,Improper Control of Compilation Availability,Memory Management Defects,"The Relay device planning/graph pass in device_planner.cc performs recursive traversal without sufficient termination/recursion-depth safeguards, allowing crafted or deeply nested Relay graphs to trigger stack overflow and crash the compiler.",Another stack overflow due to recursive call in device_planner.cc,2022-04-01T06:15:27Z,https://github.com/apache/tvm/issues/10857
10877,apache/tvm,v0.8,Incorrect Preservation of Model Semantics,IR Transformation Errors,"The LoopVectorize and/or CompactBufferAllocation passes can apply invalid vectorization and buffer compaction, producing incorrect memory access patterns (e.g., wrong indexing/aliasing assumptions) that change the program’s computed results, leading to inference result inconsistency without necessarily crashing.",[Bug][TIR] Invalid loop vectorization and buffer compaction,2022-04-01T21:34:05Z,https://github.com/apache/tvm/issues/10877
11139,apache/tvm,v0.8,CWE-754: Improper Check for Unusual or Exceptional Conditions,IR Transformation Errors,"During auto-scheduler schedule search/sketch generation, the compiler crashes when the same input tensor is accessed/consumed by two separate te.compute() operations, indicating missing handling/validation of this graph pattern and leading to a compilation-time availability failure.",[Bug] auto scheduler fails when an input is accessed in two te.compute() functions,2022-04-27T08:17:16Z,https://github.com/apache/tvm/issues/11139
11309,apache/tvm,v0.8,Improper Control of Compilation Availability,Memory Management Defects,"The TVM VM CUDA runtime/device API and VM output handling do not robustly detect or recover from a GPU reset, leading to continued use of invalidated CUDA contexts/pointers and triggering invalid memory accesses (crash and potential memory corruption) when subsequent VM operations access previously allocated GPU memory.",[Bug] [VM][CUDA] Invalid memory access after GPU reset.,2022-05-13T12:50:12Z,https://github.com/apache/tvm/issues/11309
11351,apache/tvm,v0.8,CWE-754: Improper Check for Unusual or Exceptional Conditions,Tensor Mapping Defects,"The Relay-to-TIR lowering/TOPI schedule selection path chooses or generates the conv2d_nhwc_dsp.arm_cpu implementation that incorrectly assumes/handles data types, leading to a mismatch or invalid casting/packing when both input and output are float32, which triggers a crash during lowering or codegen.",[conv2d][DSP][ARM] conv2d_nhwc_dsp.arm_cpu has error with input float32 and output float32 type,2022-05-18T00:42:20Z,https://github.com/apache/tvm/issues/11351
11394,apache/tvm,v0.8,Incorrect Preservation of Model Semantics,IR Transformation Errors,"The CMSIS-NN BYOC integration’s AllocateConstNodes logic mishandles constant nodes during code generation (allocation and symbol emission), which can be triggered by certain models to produce inconsistent inference results and/or cause codegen/runtime crashes, degrading compilation/inference availability.",[Bug] Problem with AllocateConstNodes in CMSIS-NN code ,2022-05-20T15:41:02Z,https://github.com/apache/tvm/issues/11394
11452,apache/tvm,v0.8,Improper Control of Compilation Availability,Backend Inconsistencies,"Importing TVM alongside newer MXNet versions triggers a crash at Python module import / shared-library initialization time, indicating missing/insufficient compatibility checks and unsafe initialization order/ABI assumptions that can cause process termination (and potentially memory corruption) during runtime/FFI setup.",[Bug] import of mxnet newer than 1.6.0 after tvm is crashed,2022-05-25T09:28:14Z,https://github.com/apache/tvm/issues/11452
11558,apache/tvm,v0.8,CWE-617: Reachable Assertion,Invariant Violations,"During Relay-to-TE lowering for relay.vision.non_max_suppression, TE schedule bound inference (InferBound) assumes a required mapping entry exists (it != rmap->end()) and enforces it via a CHECK. A crafted/edge-case model triggers a state where the mapping is absent, causing a reachable assertion and compiler crash (availability impact).",[Bug] Check failed: (it != rmap->end()) when using relay.build in relay.vision.non_max_suppression,2022-06-03T09:19:33Z,https://github.com/apache/tvm/issues/11558
11640,apache/tvm,v0.8,CWE-20: Improper Input Validation,Tensor Mapping Defects,"Relay type inference for reduction operators does not correctly validate/handle the unusual case `axis=[]`, resulting in a segmentation fault (likely due to invalid indexing/assumptions about non-empty axes) and allowing a crafted model/IR to crash the compiler during analysis.",[Bug] Segmentation fault during type inference of reduction operators with `axis=[]`,2022-06-09T06:21:04Z,https://github.com/apache/tvm/issues/11640
11679,apache/tvm,v0.8,CWE-20: Improper Input Validation,Tensor Mapping Defects,"Relay InferType for strided_slice assumes non-empty `begin` (and related arrays) and performs indexed access without guarding against the empty-list case, leading to an index error and compiler crash when given a crafted model with empty `begin`.",[Bug] Index error in type inference of `strided_slice` with empty `begin`,2022-06-11T03:18:33Z,https://github.com/apache/tvm/issues/11679
11687,apache/tvm,v0.8,CWE-682: Incorrect Calculation,Numerical Computing Defects,"The nn.pad operator with pad_mode='reflect' produces wrong padded values at runtime, indicating a semantic mismatch between expected reflect-padding behavior and the generated/operator implementation, leading to inconsistent inference results without necessarily crashing.",[Bug] Wrong padded values of `nn.pad` with `pad_mode='reflect'`,2022-06-13T03:36:21Z,https://github.com/apache/tvm/issues/11687
11697,apache/tvm,v0.8,CWE-754: Improper Check for Unusual or Exceptional Conditions,Tensor Mapping Defects,"A graph containing nn.bias_add followed by squeeze with axis=[] triggers a runtime execution error/crash in GraphExecutor or the generated TIR operator invocation because the runtime/operator implementation does not correctly handle the exceptional condition of an empty axis list, leading to an uncaught exception and loss of availability.",[Bug] Execution error of a simple `nn.bias_add` + `squeeze` graph where `axis=[]`,2022-06-14T03:18:27Z,https://github.com/apache/tvm/issues/11697
11704,apache/tvm,v0.8,CWE-754: Improper Check for Unusual or Exceptional Conditions,Backend Inconsistencies,"A crafted Relay graph combining broadcasting operators with a dense op triggers an unhandled edge case during lowering/operator scheduling (TOPI schedule selection for dense on x86), causing the compiler to crash instead of rejecting or safely handling the unsupported shape/layout scenario.",[Bug] Relay program with broadcasting operators and `dense` cannot be compiled,2022-06-14T14:12:20Z,https://github.com/apache/tvm/issues/11704
11716,apache/tvm,v0.8,CWE-754: Improper Check for Unusual or Exceptional Conditions,IR Transformation Errors,"A crafted TIR schedule combining tensorize and prefetch causes the arith/int_set and buffer access domain analysis during lowering to hit an unhandled case (e.g., invalid/unsupported access domain), leading to a compiler crash and denial of compilation availability.",[Bug] Crash with tensorize + prefetch after PR#11589,2022-06-14T18:47:45Z,https://github.com/apache/tvm/issues/11716
11794,apache/tvm,v0.8,CWE-617: Reachable Assertion,Invariant Violations,"A model using an Int64 broadcast followed by ArgMax can reach an internal assertion in TVM's graph runtime due to missing/incorrect handling of this dtype/operator combination during Relay->TE/TIR lowering or runtime module generation, causing a crash instead of graceful error handling.",[Bug] Int64 BroadCast-ArgMax triggers assertion error at graph runtime,2022-06-21T04:03:46Z,https://github.com/apache/tvm/issues/11794
11810,apache/tvm,v0.8,CWE-754: Improper Check for Unusual or Exceptional Conditions,Memory Management Defects,"During code generation for CMSIS-NN/ARM, TVM emits a call to `arm_avgpool_s8` without properly setting/providing the required context buffer, causing CMSIS-NN to return `ARM_MATH_ARGUMENT_ERROR` and leading to a crash/failed execution.",[CMSIS-NN][ARM] ARM_MATH_ARGUMENT_ERROR due to not setting the context buffer in `arm_avgpool_s8`,2022-06-21T22:44:36Z,https://github.com/apache/tvm/issues/11810
11897,apache/tvm,v0.8,CWE-754: Improper Check for Unusual or Exceptional Conditions,Tensor Mapping Defects,"A specific combination of concatenating a strided slice with negative padding triggers wrong buffer binding in storage_flatten/buffer binding, leading to invalid memory access patterns in lowered TIR and a compiler/runtime crash, enabling denial-of-service via a crafted model/IR.",[Bug] concatenating strided slice and negative padding causes wrong buffer binding,2022-06-25T00:54:09Z,https://github.com/apache/tvm/issues/11897
11898,apache/tvm,v0.8,CWE-617: Reachable Assertion,Invariant Violations,"In the TIR pass `lower_thread_allreduce`, the `is_zero(index)` condition is evaluated incorrectly (false when it should be true), leading to generation of invalid GPU synchronization/allreduce code paths and a resulting crash during compilation or runtime for crafted kernels/models that trigger this lowering.",[Bug] GPU `lower_thread_allreduce` is_zero(index) check false,2022-06-25T04:08:34Z,https://github.com/apache/tvm/issues/11898
12001,apache/tvm,v0.8,CWE-754: Improper Check for Unusual or Exceptional Conditions,IR Transformation Errors,"The Softmax TE schedule can emit nested parallel constructs during TE-to-TIR lowering, which are not supported by the downstream TIR/LLVM CPU codegen path, leading to a compiler crash when compiling affected models.",[Bug][TE Schedule] Unsupported nested parallel created by Softmax TE schedule,2022-07-04T05:03:00Z,https://github.com/apache/tvm/issues/12001
12008,apache/tvm,v0.8,CWE-20: Improper Input Validation,Tensor Mapping Defects,"During Relay graph optimization (AlterOpLayout/layout transformation), the Resize operator fails to reject unsupported layouts, allowing a crafted model/IR to reach an unhandled path and crash the compiler/runtime instead of producing a controlled error.",Resize does not reject unsupported layout during AlterOpLayout,2022-07-05T01:53:57Z,https://github.com/apache/tvm/issues/12008
12126,apache/tvm,v0.9.0,CWE-754: Improper Check for Unusual or Exceptional Conditions,IR Transformation Errors,"Using te.gradient on roi_align produces a TIR/IntSet binding scenario during lowering/JIT that the analysis does not robustly handle, leading to an internal failure/crash and thus a denial of compilation/inference availability via a crafted model/program.",[Bug] Failed when using te.gradient for `roi_align`,2022-07-19T06:33:35Z,https://github.com/apache/tvm/issues/12126
12162,apache/tvm,v0.9.0,CWE-754: Improper Check for Unusual or Exceptional Conditions,IR Transformation Errors,"Using split and rfactor on the same stage can create an inconsistent/unsupported schedule state; InferBound (schedule lowering/bound inference) lacks proper validation/exception handling for this case, leading to a coredump (crash) instead of rejecting the schedule or reporting an error.","[Bug] rfactorï¼šuse split&rfactor for same stage, will coredump in tvm 0.6",2022-07-22T11:19:04Z,https://github.com/apache/tvm/issues/12162
12198,apache/tvm,v0.9.0,CWE-787: Out-of-bounds Write,Memory Management Defects,"Relay constant folding / compile-time evaluation for scatterND does not robustly validate or use overflow-safe arithmetic for large tensor shapes, leading to incorrect buffer size/offset calculations and subsequent out-of-bounds memory writes that manifest as a segmentation fault on x86.",[Bug] [scatterND] large shape will get a Segmentation fault in x86,2022-07-27T09:39:36Z,https://github.com/apache/tvm/issues/12198
12199,apache/tvm,v0.9.0,CWE-20: Improper Input Validation,Memory Management Defects,"The meta-schedule/autotuning task scheduler performs an array access without sufficient bounds checking, allowing crafted or unexpected task/state sizes to trigger OOB access leading to crashes and potential memory corruption.",[Bug] Fix array OOB access in TVM,2022-07-27T10:47:38Z,https://github.com/apache/tvm/issues/12199
12274,apache/tvm,v0.9.0,CWE-682: Incorrect Calculation,Numerical Computing Defects,"The CUDA/TIR lowering path for warp/sub-warp reductions generates incorrect reduction logic (e.g., wrong lane masking/shuffle/reduction scope assumptions), producing numerically incorrect outputs without crashing, leading to inference result inconsistency.",[Bug] Incorrect result using sub-warp reduction,2022-08-02T06:14:46Z,https://github.com/apache/tvm/issues/12274
12292,apache/tvm,v0.9.0,Incorrect Preservation of Model Semantics,Tensor Mapping Defects,"Relay/Tensor advanced indexing using a boolean mask produces incorrect results compared to expected framework semantics, indicating a semantic mismatch in operator handling or lowering for boolean-mask indexing that can be triggered by crafted models using such indexing.",[Bug] Tensor advanced indexing with boolean mask not working,2022-08-03T13:27:03Z,https://github.com/apache/tvm/issues/12292
12326,apache/tvm,v0.9.0,Improper Control of Compilation Availability,Memory Management Defects,"Importing TVM before PyTorch triggers an unsafe interaction during runtime initialization/teardown (e.g., global/static destructors or library finalization order), leading to a core dump and potential memory corruption at process exit.",[Bug] import tvm before pytorch leads to core dump at the end,2022-08-05T18:27:06Z,https://github.com/apache/tvm/issues/12326
12330,apache/tvm,v0.9.0,Improper Control of Compilation Availability,Others,"MetaSchedule auto-tuning can hang after completing a single task, indicating a scheduler/verification/postprocessing path that fails to make progress (e.g., deadlock or infinite loop), allowing a crafted or adversarial tuning workload/model to trigger resource exhaustion and loss of compilation availability.",[Bug][Metaschedule] Tuning trial hanging after one task,2022-08-05T22:16:56Z,https://github.com/apache/tvm/issues/12330
12372,apache/tvm,v0.9.0,CWE-20: Improper Input Validation,Memory Management Defects,"A crafted TE program can generate TIR/LLVM code that indexes buffers outside their allocated extents due to insufficient validation of index ranges during lowering/codegen, resulting in out-of-bounds memory access and inconsistent inference results or crashes.",[Bug] Array out-of-bounds access of TE language,2022-08-11T04:48:55Z,https://github.com/apache/tvm/issues/12372
12373,apache/tvm,v0.9.0,CWE-20: Improper Input Validation,IR Transformation Errors,"The frontend allows misuse of reduce_axis during TE compute/IR construction without sufficient semantic validation, leading to an IR that represents a different reduction than intended and causing inconsistent/incorrect inference results rather than a hard failure.",[Bug] Misuse of reduce_axis,2022-08-11T05:26:57Z,https://github.com/apache/tvm/issues/12373
12374,apache/tvm,v0.9.0,CWE-682: Incorrect Calculation,Numerical Computing Defects,"Lowering encounters a truncdiv involving the minimum int64 value (INT64_MIN), an exceptional arithmetic case (e.g., overflow/undefined behavior in division/negation paths) that is not properly checked/guarded, leading to a core dump during TE/TIR simplification or code generation.",[Bug] Core dump caused by truncdiv and min_value of int64,2022-08-11T05:37:46Z,https://github.com/apache/tvm/issues/12374
12375,apache/tvm,v0.9.0,CWE-704: Incorrect Type Conversion or Cast,Tensor Mapping Defects,"During lowering (TE->TIR / buffer flattening and type legalization), casting a tensor of bool type to bool triggers an unhandled failure that results in a core dump instead of being safely rejected or handled, allowing a crafted model/program to crash compilation.",[Bug] Core dump caused by cast tensor of bool type to bool,2022-08-11T07:19:24Z,https://github.com/apache/tvm/issues/12375
12377,apache/tvm,v0.9.0,CWE-682: Incorrect Calculation,Numerical Computing Defects,"After TIR/TE scheduling with compute_inline, subsequent simplification/constant-folding mishandles the float16 expression `65535f16 * 0f16`, producing an inconsistent result versus the original computation. This indicates a semantic-equivalence violation in optimization passes (likely due to float16 overflow/NaN/Inf/rounding edge-case handling), leading to incorrect inference outputs without necessarily crashing.",[Bug] Inconsistency caused by 65535f16*0f16 after using compute_inline,2022-08-11T08:13:00Z,https://github.com/apache/tvm/issues/12377
12378,apache/tvm,v0.9.0,CWE-682: Incorrect Calculation,Numerical Computing Defects,"During compute_inline (and related constant folding/simplification), the compiler mishandles mixed-width integer arithmetic involving int8 multiplication (127i8*127i8) combined with an int64 operand, leading to different overflow/casting behavior than the original non-inlined computation and thus inconsistent inference results.",[Bug] Inconsistency caused by 127i8*127i8*numi64 after using compute_inline,2022-08-11T09:15:24Z,https://github.com/apache/tvm/issues/12378
12379,apache/tvm,v0.9.0,Improper Control of Compilation Availability,Others,"The auto-scheduler's sample_initial_population logic can generate or enter problematic for-loop behavior (e.g., non-terminating/overly large iteration space), leading to crashes or excessive resource consumption during schedule search when triggered by certain workloads/models.",[Bug] for loop problem when sample_initial_population,2022-08-11T12:26:11Z,https://github.com/apache/tvm/issues/12379
12380,apache/tvm,v0.9.0,CWE-682: Incorrect Calculation,Numerical Computing Defects,"After applying fuse in TE schedule lowering, subsequent cos/sqrt operations produce inconsistent inference outputs, indicating a semantic mismatch between the intended computation and the generated lowered code (likely due to incorrect index/loop transformation or expression rewriting around fused axes).",[Bug] Inconsistency caused by cos or sqrt after using fuse,2022-08-11T12:56:50Z,https://github.com/apache/tvm/issues/12380
12381,apache/tvm,v0.9.0,CWE-704: Incorrect Type Conversion or Cast,Tensor Mapping Defects,"In the TOPI/TE lowering to C AOT path, TVM emits an incorrect output type for integer avg_pool_2d, causing semantic mismatch versus the expected operator behavior. The wrong dtype can lead to inconsistent inference results and, depending on downstream assumptions about tensor element size/layout, may trigger crashes or memory corruption.",[Bug] TVM generates wrong output type for integer avg_pool_2d,2022-08-11T13:22:57Z,https://github.com/apache/tvm/issues/12381
12383,apache/tvm,v0.9.0,CWE-682: Incorrect Calculation,Numerical Computing Defects,"Using compute_at during TE-to-TIR lowering triggers a semantic mismatch for uint32 operations (e.g., uint32-uint32), leading to inconsistent inference results between scheduled and unscheduled code due to incorrect type/overflow behavior preservation.",[Bug] Inconsisteny caused by unit32-uint32 after using compute_at,2022-08-11T14:16:34Z,https://github.com/apache/tvm/issues/12383
12400,apache/tvm,v0.9.0,CWE-754: Improper Check for Unusual or Exceptional Conditions,Tensor Mapping Defects,"Relay frontend/type-shape inference for `relay.squeeze` fails to correctly validate and handle unusual axis/shape combinations, leading to crashes during op legalization or type/shape inference when given crafted or edge-case Relay programs.",[Bug] [Relay] Problems observed working with `relay.squeeze`,2022-08-12T10:14:48Z,https://github.com/apache/tvm/issues/12400
12410,apache/tvm,v0.9.0,Improper Control of Compilation Availability,Backend Inconsistencies,"The issue report indicates that enabling AOT with UMA and importing/compiling a TFLite model triggers a crash and potential memory corruption during AOT C backend code generation or runtime interface generation, implying missing/incorrect handling of this configuration leading to unsafe codegen paths and loss of compilation/inference availability.",[Bug] Using AOT with UMA and TFLITE ,2022-08-12T19:16:13Z,https://github.com/apache/tvm/issues/12410
12567,apache/tvm,v0.9.0,CWE-682: Incorrect Calculation,Numerical Computing Defects,"The ONNX Resize legalization/lowering in TVM v0.9.0 produces numerically inaccurate outputs compared to expected ONNX behavior, indicating a semantic/numerical discrepancy in how Resize attributes (e.g., coordinate transformation, rounding, interpolation details) are interpreted or implemented, leading to inconsistent inference results without necessarily crashing.",[Bug] python.contrib.test_onnx.test_resize numerical accuracy issue,2022-08-24T07:30:14Z,https://github.com/apache/tvm/issues/12567
12569,apache/tvm,v0.9.0,CWE-682: Incorrect Calculation,Numerical Computing Defects,"The TIR optimizer simplifies/constant-folds expressions like te.floordiv(a, b-b) without reporting or guarding against the exceptional condition that the denominator becomes zero, allowing crafted IR to trigger undefined behavior or crashes during compilation/runtime instead of producing a diagnostic.","[Bug] no divide by zero report while te.floordiv(a, b-b)",2022-08-24T08:54:39Z,https://github.com/apache/tvm/issues/12569
12645,apache/tvm,v0.9.0,Incorrect Preservation of Model Semantics,Tensor Mapping Defects,"During Paddle->Relay translation, frontend.from_paddle does not correctly interpret paddle.nn.AdaptiveAvgPool2D when data_format=""NHWC"" (layout/axis handling), producing a Relay graph with incorrect pooling semantics and thus inconsistent inference results compared to the original model.","[Bug] frontend.from_paddle does not correctly handle paddle.nn.AdaptiveAvgPool2D with data_format=""NHWC""",2022-08-30T09:09:52Z,https://github.com/apache/tvm/issues/12645
12735,apache/tvm,v0.9.0,CWE-754: Improper Check for Unusual or Exceptional Conditions,Tensor Mapping Defects,"A crafted ONNX model using (or resembling) the Resize operator triggers a crash in the Relay frontend during from_onnx constant folding/type inference, indicating missing/insufficient validation and error handling for unusual Resize attributes/shapes, leading to a denial-of-service via compiler crash.",[Bug] TVM errors with an ONNX model (probably related to Resize Operation),2022-09-08T10:31:34Z,https://github.com/apache/tvm/issues/12735
12852,apache/tvm,v0.9.0,CWE-754: Improper Check for Unusual or Exceptional Conditions,IR Transformation Errors,"The MetaSchedule postprocessing pass for layout rewrite lacks robust handling/validation of unusual schedule states produced during auto-tuning, leading to a compiler crash (availability impact) when triggered by specific tuned programs/models.",[Bug] Meta Schedule Layout Rewrite Failure,2022-09-20T22:01:53Z,https://github.com/apache/tvm/issues/12852
12929,apache/tvm,v0.9.0,CWE-754: Improper Check for Unusual or Exceptional Conditions,IR Transformation Errors,"The auto-scheduler schedule search/tuning path for the sparse_dense operator does not correctly handle the sparse_lhs=True configuration, leading to an internal failure and crash during tuning, allowing a crafted model/workload to trigger a denial-of-service of the compilation/tuning process.",[Bug] schedule tuning for sparse_dense with sparse_lhs=True crashes,2022-09-28T18:27:35Z,https://github.com/apache/tvm/issues/12929
12976,apache/tvm,v0.9.0,Incorrect Preservation of Model Semantics,IR Transformation Errors,"During TIR lowering for GPU (CrossThreadReduction / cross-thread reduction codegen), the transformation produces semantically incorrect reduction behavior (e.g., wrong synchronization/reduction ordering or missing/incorrect barriers), leading to inconsistent or incorrect inference results compared to the intended model semantics.",[Bug] CrossThreadReduction Lowering Issue,2022-10-03T22:46:30Z,https://github.com/apache/tvm/issues/12976
12995,apache/tvm,v0.9.0,CWE-20: Improper Input Validation,IR Transformation Errors,"During Relay->TIR lowering and subsequent TIR verification, TVM fails to reject or correctly handle semantically invalid TIR (e.g., inconsistent buffer/shape/indexing assumptions). As a result, invalid TIR can still be compiled into a runtime module, leading to crashes, reliability degradation, or inconsistent inference results instead of being caught by validation.",[Bug] Semantically invalid TIR generated from Relay can be built into TVM's runtime module ,2022-10-06T00:02:18Z,https://github.com/apache/tvm/issues/12995
12997,apache/tvm,v0.9.0,CWE-754: Improper Check for Unusual or Exceptional Conditions,Tensor Mapping Defects,"During TIR scheduling/MetaSchedule, a compute-at transformation can produce a datatype mismatch between producer/consumer buffers or intermediate expressions. The compiler fails to validate or reconcile these dtype inconsistencies, leading to an internal error/crash when later passes assume consistent types.",[Bug][MetaSchedule] Compute-At DataType Mismatch,2022-10-06T00:10:35Z,https://github.com/apache/tvm/issues/12997
13010,apache/tvm,v0.9.0,CWE-617: Reachable Assertion,Invariant Violations,"During TIR lowering/buffer binding (ArgBinder in StorageFlatten/BufferBindUnwrapper), a TE schedule with an outer reduction axis of length 1 produces a buffer/stride configuration that violates an internal assertion, causing a compiler crash instead of being handled gracefully.",[Bug] Outer reduction axis having length 1 in TE causes strides assertion failure,2022-10-07T13:41:19Z,https://github.com/apache/tvm/issues/13010
13020,apache/tvm,v0.9.0,CWE-682: Incorrect Calculation,Numerical Computing Defects,"During ONNX->Relay/TIR legalization/lowering for Resize (resize2d), the generated computation produces inconsistent/incorrect inference outputs compared to expected semantics, indicating a semantic mismatch in operator handling (e.g., coordinate transform, rounding, interpolation, or scale/size interpretation).",[Bug] resize2d calculate result error,2022-10-10T09:18:38Z,https://github.com/apache/tvm/issues/13020
13044,apache/tvm,v0.9.0,CWE-754: Improper Check for Unusual or Exceptional Conditions,Tensor Mapping Defects,"A compiled Relay graph containing the pattern `broadcast_to -> sub -> argmax` triggers a graph runtime failure due to incorrect lowering/codegen or runtime ABI dtype handling, causing a crash during execution and thus impairing inference availability with a crafted model.",[Bug] Compiled `broadcast_to-sub-argmax` fails at graph runtime,2022-10-11T20:10:42Z,https://github.com/apache/tvm/issues/13044
13045,apache/tvm,v0.9.0,CWE-754: Improper Check for Unusual or Exceptional Conditions,Invariant Violations,"A crafted model containing the `squeeze -> broadcast_to -> argmin` pattern causes the TVM graph runtime / generated TIR operator invocation to fail (crash) during execution, indicating missing/incorrect handling of edge-case shapes or operator lowering at runtime, leading to loss of availability.",[Bug] Compiled `squeeze-broadcast_to-argmin` fails at graph runtime,2022-10-11T20:34:30Z,https://github.com/apache/tvm/issues/13045
13048,apache/tvm,v0.9.0,CWE-704: Incorrect Type Conversion or Cast,Numerical Computing Defects,"The Relay optimization/codegen lowering for graph runtime mishandles the semantics of nested casts involving int64 -> bool -> int32, producing an incorrect value for cast<int32>(cast<bool>(-1i64)) (e.g., treating nonzero-to-bool or bool-to-int conversion incorrectly), leading to wrong inference results without a crash.",[Bug] Wrong results of `cast<int32>( cast<bool>(-1i64) )`,2022-10-11T22:20:47Z,https://github.com/apache/tvm/issues/13048
13154,apache/tvm,v0.10.0,Incorrect Preservation of Model Semantics,IR Transformation Errors,"The report indicates that TVM's Pipeline Executor returns wrong inference results at runtime, implying a defect in how the executor composes or executes subgraphs (e.g., ordering, data movement, synchronization, or state handling), leading to compiled execution that is not semantically equivalent to the intended model computation.",[Bug] Pipeline Executor give wrong result,2022-10-20T08:12:20Z,https://github.com/apache/tvm/issues/13154
13204,apache/tvm,v0.10.0,Incorrect Preservation of Model Semantics,IR Transformation Errors,"MetaSchedule’s TensorCore schedule rule (lowering to WMMA) can generate a schedule that computes numerically incorrect outputs compared to the original program, causing inference result inconsistency without necessarily crashing.",[Bug] MetaSchedule produce incorrect result when TensorCore is used,2022-10-26T07:03:32Z,https://github.com/apache/tvm/issues/13204
13210,apache/tvm,v0.10.0,CWE-617: Reachable Assertion,Invariant Violations,"In the DNNL BYOC integration, the runtime/module linker attempts to look up an expected generated entry function (e.g., `tvmgen_default_dnnl_main_0`) and hits a hard check `pf != nullptr`, causing a crash when the symbol is absent instead of handling the condition gracefully or validating module contents earlier.",[BYOC][DNNL] Check failed: (pf != nullptr) is false: no such function in module: tvmgen_default_dnnl_main_0,2022-10-27T03:24:10Z,https://github.com/apache/tvm/issues/13210
13222,apache/tvm,v0.10.0,CWE-617: Reachable Assertion,Invariant Violations,"During Relay BYOC lowering for DNNL, the pipeline encounters an unrecognized composite function name (""dnnl.qnn.dense"") but proceeds into constant/metadata module creation without a proper fallback or validation. This leaves the ConstLoaderModuleNode without an entry for a required constant (tvmgen_default_dnnl_main_0_const_0), triggering a fatal TVMError/check failure and crashing compilation.","[BYOC][DNNL] TVMError: Unknown composite function:""dnnl.qnn.dense"" and  Check failed: const_var_ndarray_.count(var) > 0 (0 vs. 0) : ConstLoaderModuleNode is missing entry for constant 'tvmgen_default_dnnl_main_0_const_0' for function 'tvmgen_default_dnnl_main_0'",2022-10-28T01:21:47Z,https://github.com/apache/tvm/issues/13222
13226,apache/tvm,v0.10.0,CWE-704: Incorrect Type Conversion or Cast,Tensor Mapping Defects,"During TIR/LLVM code generation, the return type alignment for a called function is computed or applied incorrectly, leading to an ABI mismatch that can trigger a crash when compiling or executing generated code.",[Bug] Incorrect alignment of return type to called function,2022-10-28T08:48:58Z,https://github.com/apache/tvm/issues/13226
13296,apache/tvm,v0.10.0,Incorrect Preservation of Model Semantics,IR Transformation Errors,"The report indicates that compiling the ssd300_vgg16 model with TVM v0.10.0 produces wrong/inconsistent inference outputs at VM execution, implying a defect in IR lowering/code generation that changes model semantics without necessarily crashing.",[Bug] TVM generates wrong results for ssd300_vgg16,2022-11-04T16:53:49Z,https://github.com/apache/tvm/issues/13296
13379,apache/tvm,v0.10.0,CWE-704: Incorrect Type Conversion or Cast,Backend Inconsistencies,"The CUDA/NVPTX backend emits code that attempts an invalid implicit conversion from the CUDA vector type ""int2"" to ""longlong2"", which is not supported by the CUDA type system, causing compilation to fail/crash during code generation.","[Bug] no suitable user-defined conversion from ""int2"" to ""longlong2"" exists",2022-11-14T18:35:13Z,https://github.com/apache/tvm/issues/13379
13508,apache/tvm,v0.10.0,Improper Control of Compilation Availability,Others,"The report describes excessively long lowering time (TE->TIR / TIR pass pipeline) after a prior change, indicating a performance regression that can be triggered by certain models/programs to cause pathological resource consumption (time), impacting compilation availability.",[Bug] Long lowering time after #13217,2022-11-29T02:08:23Z,https://github.com/apache/tvm/issues/13508
13544,apache/tvm,v0.10.0,CWE-754: Improper Check for Unusual or Exceptional Conditions,Backend Inconsistencies,"During LLVM target lowering/code generation on ROCm, CUDA TOPI code paths are invoked unexpectedly, causing a build-time crash due to improper handling/validation of the selected target backend and associated operator implementations.",error building on rocm while cuda topi is called weirdly,2022-12-03T07:02:57Z,https://github.com/apache/tvm/issues/13544
13545,apache/tvm,v0.10.0,CWE-754: Improper Check for Unusual or Exceptional Conditions,IR Transformation Errors,"A crafted QDQ ONNX model triggers a failure/crash when running the Relay FakeQuantizationToInteger transform (interacting with type inference), indicating missing checks/robust handling for unexpected quantization patterns or types, leading to compilation-time denial of service.",[Bug][FQ2I] Failed to run FakeQuantizationToInteger on QDQ ONNX model,2022-12-03T08:45:34Z,https://github.com/apache/tvm/issues/13545
13626,apache/tvm,v0.10.0,CWE-754: Improper Check for Unusual or Exceptional Conditions,Invariant Violations,"A crafted Relay program triggers a failure in PlanDevices/DeviceDomains unification when creating the debug interpreter, leading to an unhandled error path and process crash (denial of service) instead of graceful rejection or recovery.",[Bug][Relay][Interpreter] Crash when instantiating debug interpreter with a particular program,2022-12-16T00:30:41Z,https://github.com/apache/tvm/issues/13626
13634,apache/tvm,v0.10.0,Incorrect Preservation of Model Semantics,Memory Management Defects,"After calling `set_output_zero_copy`, `GraphModule.get_output` can return an uninitialized tensor instead of the actual computed output, indicating the runtime fails to correctly bind or populate the output buffer in the zero-copy output path, leading to inconsistent/incorrect inference results without an explicit failure.",[Bug] [GraphModule] `get_output` returned unintialized output tensor after `set_output_zero_copy`,2022-12-16T20:50:26Z,https://github.com/apache/tvm/issues/13634
13639,apache/tvm,v0.10.0,Improper Control of Compilation Availability,Memory Management Defects,"Using meta-schedule triggers a runtime/teardown path where CUDA device memory is freed incorrectly (e.g., double-free, freeing an invalid/stale pointer, or freeing after context/module teardown), causing cudaFree() to return an error and crash execution.",[Bug] cudaFree() error when use meta-schedule ,2022-12-17T14:34:05Z,https://github.com/apache/tvm/issues/13639
13678,apache/tvm,v0.10.0,CWE-20: Improper Input Validation,Memory Management Defects,"The runtime API constructs an NDArray from an external DLTensor without sufficiently validating shape/strides/dtype/byte-offset and buffer size consistency, allowing a crafted DLTensor to cause out-of-bounds memory access/corruption and crash during subsequent use.",[RUNTIME] Memory Safety Issue on NDArrary::FromExternalDLTensor,2023-01-01T21:19:02Z,https://github.com/apache/tvm/issues/13678
13695,apache/tvm,v0.10.0,CWE-704: Incorrect Type Conversion or Cast,Tensor Mapping Defects,"The report indicates that a TVMScript produces a “weirdâ€?(unexpected) output after TIR lowering/code generation, consistent with a compiler defect in store emission and/or type-cast handling that changes numerical results without crashing, causing inference result inconsistency and reliability degradation.",[Bug] [TVMScript] Weird output of my script,2023-01-04T10:45:43Z,https://github.com/apache/tvm/issues/13695
13759,apache/tvm,v0.10.0,CWE-754: Improper Check for Unusual or Exceptional Conditions,IR Transformation Errors,"The ONNX importer/Relay graph construction does not correctly handle the aten::index_put operator (or its edge cases), causing a crash when compiling a crafted ONNX model that includes this op, impacting compilation availability.",[Bug] a bug about onnx aten::index_put.,2023-01-11T09:23:04Z,https://github.com/apache/tvm/issues/13759
13796,apache/tvm,v0.10.0,CWE-704: Incorrect Type Conversion or Cast,Numerical Computing Defects,"The issue reports 'weird behaviors' and inference result inconsistency involving Relay sum and cast, indicating the compiler produces outputs that differ from expected model semantics during Relay->TIR/LLVM lowering/codegen (e.g., wrong dtype handling or reduction accumulation/cast placement), causing silent incorrect inference rather than a controlled failure.",[Bug]  Weird behaviors for relay.sum and relay.cast op,2023-01-17T09:54:06Z,https://github.com/apache/tvm/issues/13796
13803,apache/tvm,v0.10.0,Improper Control of Compilation Availability,Memory Management Defects,"The CUDA backend (cuda_code_gen) can emit kernels with incorrect pointer arithmetic or bounds handling, causing generated code to access memory outside allocated buffers, resulting in illegal memory access, crashes, and potential memory corruption when triggered by certain lowered IR/model shapes.",[Bug] code generated by cuda_code_gen may cause illegal memory access,2023-01-18T09:39:45Z,https://github.com/apache/tvm/issues/13803
13805,apache/tvm,v0.10.0,Improper Control of Compilation Availability,Others,"The issue description only states that TOPI tests fail on CI CPU and provides no reproducer, stack trace, failing test case, or code path showing a crash/memory corruption reachable by crafted inputs. As reported, it is a reliability/CI problem rather than a demonstrable exploitable vulnerability.",[CI Problem] TOPI tests on ci_cpu fail,2023-01-18T16:52:31Z,https://github.com/apache/tvm/issues/13805
13957,apache/tvm,v0.10.0,CWE-754: Improper Check for Unusual or Exceptional Conditions,IR Transformation Errors,"The TIR Schedule pass `transform_layout` crashes when given a layout transformation that includes axis separators, indicating missing/insufficient validation and exceptional-condition handling for this input pattern, allowing a crafted schedule/model to trigger a compiler crash (availability impact).",[Bug] Crash when applying transform_layout with axis separator,2023-02-11T05:49:21Z,https://github.com/apache/tvm/issues/13957
13974,apache/tvm,v0.10.0,CWE-754: Improper Check for Unusual or Exceptional Conditions,IR Transformation Errors,"The TIR scheduling/transform pass `transform_layout` does not correctly handle layouts that include axis separators, leading to an internal crash (likely via failed invariant/assertion or unchecked state) when a crafted layout specification is provided, causing compilation to terminate.",[Bug] Crash when applying transform_layout with axis separator,2023-02-13T12:24:54Z,https://github.com/apache/tvm/issues/13974
13976,apache/tvm,v0.10.0,Improper Control of Compilation Availability,Memory Management Defects,"In the TIR StorageRewrite (memory planning) pass, a BufferLoad used only as an argument to builtin::address_of() is not visited/recorded during analysis. This can lead to incorrect buffer liveness/aliasing decisions and wrong memory reuse, causing memory corruption (potentially out-of-bounds writes) when the generated code accesses the misplanned storage.",[Bug][TIR][StorageRewrite] bufferload unvisited when used in builtin::address_of(),2023-02-13T19:32:12Z,https://github.com/apache/tvm/issues/13976
14134,apache/tvm,v0.11.0,Incorrect Preservation of Model Semantics,Tensor Mapping Defects,"The Relay op shape function for `squeeze` fails to correctly transform/normalize the `axis` parameter after dimension removal, leading to inconsistent inferred shapes versus actual runtime behavior. This can cause downstream passes to generate incorrect code or trigger crashes due to shape mismatches, resulting in inference result inconsistency and potential denial of service.",[Bug] [Relay] squeeze shape function does not transform axis,2023-02-27T03:26:55Z,https://github.com/apache/tvm/issues/14134
14424,apache/tvm,v0.11.1,CWE-754: Improper Check for Unusual or Exceptional Conditions,IR Transformation Errors,"The Relay dataflow pattern matching/rewrite logic does not correctly handle the combination of the 'dominates' constraint and 'FunctionPattern', leading to an internal compiler crash (likely due to an unhandled exceptional condition or invalid assumption in the matcher) that can be triggered by a crafted Relay program/pattern.",[Bug] Pattern matching with 'dominates' in 'rewrite' function crashes when using 'FunctionPattern',2023-03-29T10:14:15Z,https://github.com/apache/tvm/issues/14424
14435,apache/tvm,v0.11.1,Incorrect Preservation of Model Semantics,Tensor Mapping Defects,"The ONNX-to-Relay frontend import path mishandles ReduceSum when opset version is >=12 and the axis list has length >1, leading to an incorrect Relay graph and inconsistent inference results compared to the original ONNX model.",[Bug] Import ReduseSum From Onnx is not working when opset>=12 and len(axis)>1 ,2023-03-30T03:26:21Z,https://github.com/apache/tvm/issues/14435
14557,apache/tvm,v0.11.1,CWE-754: Improper Check for Unusual or Exceptional Conditions,IR Transformation Errors,"The MergeDynamicSharedMemoryAllocations TIR optimization pass assumes a simpler block structure and fails when a PrimFunc contains multiple blocks, leading to an internal inconsistency that can trigger a compiler crash (availability impact) when compiling crafted or complex TIR.",[Bug] MergeDynamicSharedMemoryAllocations can not work correctly when meets multi blocks in one prim_func,2023-04-10T13:05:23Z,https://github.com/apache/tvm/issues/14557
14615,apache/tvm,v0.11.1,CWE-754: Improper Check for Unusual or Exceptional Conditions,Tensor Mapping Defects,"Relay backend memory planning/storage allocation (GraphPlanMemory/TokenAllocator) assumes concrete/static shapes; when encountering symbolic dimensions like T.Any it fails to compute allocation sizes/offsets, leading to a crash and loss of compilation availability triggered by a crafted model using symbolic shapes.",[Bug] cannot allocate memory symbolic tensor shape for T.Any(),2023-04-13T17:16:14Z,https://github.com/apache/tvm/issues/14615
14637,apache/tvm,v0.11.1,CWE-617: Reachable Assertion,Invariant Violations,"Relay backend Graph Executor code generation assumes an operator is always a GlobalVar; when given a Relay Let expression instead, it hits a failing internal CHECK (""Expected the operator to be a global var, but got relay.Let""), causing a compiler crash rather than gracefully rejecting/handling the unusual IR input.","[Bug] Check failed: (func) is false: Expected the operator to be a global var, but got relay.Let",2023-04-16T12:24:08Z,https://github.com/apache/tvm/issues/14637
14638,apache/tvm,v0.11.1,CWE-248: Uncaught Exception,Others,"During ONNX import / Relay construction, the frontend calls Python len() on a tvm.relay.expr.Var object (which does not implement __len__), triggering a TypeError that is not handled, causing the compiler to crash on crafted inputs that reach this code path.",[Bug][ONNX] use `len()` to extract the length of `tvm.relay.expr.Var` leads to crash,2023-04-16T14:02:54Z,https://github.com/apache/tvm/issues/14638
14652,apache/tvm,v0.11.1,CWE-754: Improper Check for Unusual or Exceptional Conditions,IR Transformation Errors,"The ONNX-to-Relay frontend crashes when processing a CumSum operator that triggers infer_value on the axis input; the converter does not robustly handle unusual/unsupported axis representations (e.g., non-constant, missing, or unexpected dtype/shape), leading to a compilation-time crash and loss of availability.",[Bug][ONNX] CumSum crashed when call infer_value for axis,2023-04-18T04:05:58Z,https://github.com/apache/tvm/issues/14652
14682,apache/tvm,v0.11.1,Improper Control of Compilation Availability,Memory Management Defects,"Importing TVM before PyTorch triggers a crash at process shutdown due to conflicting global/static initialization and teardown between TVM's runtime/FFI components and PyTorch, leading to invalid memory access (memory corruption) during finalization.",[Bug] Coredump when import torch after tvm,2023-04-20T13:45:18Z,https://github.com/apache/tvm/issues/14682
14721,apache/tvm,v0.11.1,CWE-682: Incorrect Calculation,Numerical Computing Defects,"During the Keras-to-Relay frontend import, the Softmax operator is converted in a way that changes its numerical/semantic behavior (e.g., wrong axis/shape handling or missing numerically-stable formulation), leading to compiled inference results that differ from the original model without an explicit failure.",[Bug] the softmax gave wrong inference results,2023-04-25T15:12:40Z,https://github.com/apache/tvm/issues/14721
14745,apache/tvm,v0.11.1,CWE-20: Improper Input Validation,Tensor Mapping Defects,"During Relay type inference for reshape, a negative inferred index (infer_idx < 0) is not properly validated/handled, leading to incorrect type inference and a compiler crash when processing crafted or malformed reshape shapes.",[Bug][Relay] infer_idx <0 lead to wrong type inferrence,2023-04-29T16:10:41Z,https://github.com/apache/tvm/issues/14745
14795,apache/tvm,v0.11.1,CWE-682: Incorrect Calculation,Numerical Computing Defects,"During PyTorch frontend import/operator lowering, TVM does not correctly preserve the semantics of AvgPool2d when the divisor_override attribute is set, leading to a compiled model that computes different pooling averages than the source framework and thus produces inconsistent inference results without necessarily crashing.",[Bug] [Torch] tvm produced a wrong inference result when using `divisor_override` in AvgPool2d,2023-05-07T08:47:36Z,https://github.com/apache/tvm/issues/14795
14805,apache/tvm,v0.11.1,CWE-682: Incorrect Calculation,Numerical Computing Defects,"During PyTorch-to-Relay frontend lowering, the Threshold operator is implemented with wrong logic, causing the compiled model to compute different outputs than the original PyTorch model (inference result inconsistency) without necessarily crashing.",[Bug][relay][pytorch] Wrong implementation logic in Threshold operator,2023-05-09T06:52:27Z,https://github.com/apache/tvm/issues/14805
14869,apache/tvm,v0.12.0,CWE-20: Improper Input Validation,Tensor Mapping Defects,"The Keras Relay frontend allows/produces a Squeeze operation with an axis whose corresponding dimension is not 1, and the InferType pass does not robustly validate or gracefully reject this unusual condition, leading to a crash during import/type inference.",[Bug][Relay] cannot squeeze axis with dimension not equal to 1 at Keras frontend,2023-05-17T08:20:49Z,https://github.com/apache/tvm/issues/14869
14870,apache/tvm,v0.12.0,Incorrect Preservation of Model Semantics,Tensor Mapping Defects,"The Keras Embedding layer is imported/translated into Relay in a way that changes the model’s numerical/functional behavior, producing inference outputs that differ from the original Keras execution without an explicit failure, indicating incorrect preservation of model semantics during frontend conversion.",[Bug][Relay] Embedding give a different inference result between keras and tvm,2023-05-17T12:45:48Z,https://github.com/apache/tvm/issues/14870
14926,apache/tvm,v0.12.0,Incorrect Preservation of Model Semantics,Tensor Mapping Defects,"During PyTorch->Relay import, the InstanceNorm attribute `track_running_stats` is not correctly preserved/translated, causing the compiled Relay graph to implement different normalization behavior than the original PyTorch model and leading to inconsistent/wrong inference results without an explicit failure.",[Bug] [Relay] attribute track_running_stats of InstanceNorm lead to wrong inference results,2023-05-23T13:02:19Z,https://github.com/apache/tvm/issues/14926
14927,apache/tvm,v0.12.0,CWE-682: Incorrect Calculation,Numerical Computing Defects,"Relay/Torch AvgPool2d legalization or shape/attribute handling produces incorrect pooling window behavior when stride is larger than kernel size, leading to compiled inference outputs that differ from the source framework without an explicit failure.",[Bug] [Torch]  TVM AvgPool2d Function Produces Incorrect Values when Stride is Larger than Kernel,2023-05-23T17:03:38Z,https://github.com/apache/tvm/issues/14927
14947,apache/tvm,v0.12.0,Incorrect Preservation of Model Semantics,IR Transformation Errors,"When partitioning Relay graphs for TensorRT and generating backend code, the handling of nn.Dense with constant weights produces incorrect outputs compared to the original Relay execution, indicating a backend integration/codegen defect that breaks semantic equivalence and yields inconsistent inference results without necessarily crashing.",[Bug] Wrong Result by nn.Dense and relay.Constant with TensorRT,2023-05-25T12:21:16Z,https://github.com/apache/tvm/issues/14947
14976,apache/tvm,v0.12.0,CWE-754: Improper Check for Unusual or Exceptional Conditions,Backend Inconsistencies,"The TIR-to-LLVM codegen path encounters the intrinsic `tir.tvm_thread_context` and treats it as an unknown intrinsic, triggering a VMError and crashing compilation/inference instead of handling or rejecting it gracefully.",[Bug] [VTA] VMError: unknown intrinsic Op(tir.tvm_thread_context),2023-05-30T01:03:46Z,https://github.com/apache/tvm/issues/14976
14978,apache/tvm,v0.12.0,Incorrect Preservation of Model Semantics,Memory Management Defects,"GraphExecutor::set_input_zero_copy() allows the same NDArray/storage to be used for both an input and an output without correctly handling aliasing/lifetime/order of writes, so the runtime may overwrite or read mutated data, producing incorrect inference results when an input is also present in outputs.","[Bug][Relay][GraphExecutor] ""set_input_zero_copy()"" causes error result when input is also in outputs.",2023-05-30T04:54:01Z,https://github.com/apache/tvm/issues/14978
14998,apache/tvm,v0.12.0,CWE-682: Incorrect Calculation,Numerical Computing Defects,"Relay's nn pooling implementation for 1D pooling with ceil_mode=True produces output shapes/indices that differ from PyTorch semantics, leading to inconsistent inference results between the original framework model and the compiled TVM model without necessarily crashing.",[Bug] [Relay] ceil_mode=True about pool1d causes a inconsistent inference results with PyTorch,2023-05-31T16:01:31Z,https://github.com/apache/tvm/issues/14998
15005,apache/tvm,v0.12.0,Incorrect Preservation of Model Semantics,Tensor Mapping Defects,"The PyTorch->Relay frontend lowering produces a Relay program whose behavior for models containing Dropout differs from PyTorch (e.g., training/eval mode or randomness handling not preserved), leading to inconsistent inference results without necessarily crashing.",[Bug] [Relay] Wrong inference reusult about Pytorch model with dropout layer,2023-06-01T07:36:11Z,https://github.com/apache/tvm/issues/15005
15006,apache/tvm,v0.12.0,CWE-682: Incorrect Calculation,Numerical Computing Defects,"The PyTorch frontend import and/or Relay lowering for the lppool operator produces outputs that differ from PyTorch, indicating the compiled model is not semantically equivalent to the source model and can yield inconsistent inference results without necessarily crashing.",[Bug] inconsistent inference results about lppool between PyTorch and TVM,2023-06-01T08:16:06Z,https://github.com/apache/tvm/issues/15006
15048,apache/tvm,v0.12.0,Improper Control of Compilation Availability,Others,"During lowering of dynamic Relay IR (Relay->TE/TIR), the build process can hang because ReprPrintTIR enters an endless printing loop (likely from cyclic/self-referential TIR structures or missing termination/visited-node checks), causing a denial-of-service via pathological resource consumption (infinite progress hang).",[Bug] [TVMScript] Progress hang on lowerTE during build dynamic Relay IR caused by endless ReprPrintTIR.,2023-06-07T05:54:25Z,https://github.com/apache/tvm/issues/15048
15084,apache/tvm,v0.12.0,CWE-682: Incorrect Calculation,Numerical Computing Defects,"The TOPI/operator lowering implementation for UpSampling2D uses wrong bilinear/bicubic resize computation, causing compiled inference outputs to differ from expected semantics (result inconsistency) without necessarily crashing.",[Bug] The bilinear or bicubic calculation logical in UpSampling2D is wrong,2023-06-13T08:19:49Z,https://github.com/apache/tvm/issues/15084
15085,apache/tvm,v0.12.0,Improper Control of Compilation Availability,Backend Inconsistencies,"A crafted or otherwise valid TVM module triggers a failure in the LLVM code generation path (specifically debug info emission) during tvm.build, causing the compiler to crash and preventing successful compilation (availability impact).",[Bug] error when exec tvm.build,2023-06-13T09:06:28Z,https://github.com/apache/tvm/issues/15085
15087,apache/tvm,v0.12.0,CWE-20: Improper Input Validation,Tensor Mapping Defects,"A crafted or malformed ONNX model using the Gather operator can trigger a segmentation fault in TVM's ONNX->Relay frontend and/or constant folding path, indicating insufficient input/shape/axis/index validation leading to a crash (denial of service) during compilation.",[Bug] ```from_onnx``` Gather op segmentation fault,2023-06-13T10:12:12Z,https://github.com/apache/tvm/issues/15087
15089,apache/tvm,v0.12.0,CWE-617: Reachable Assertion,Numerical Computing Defects,"During Relay-to-TE lowering / TIR arithmetic constant folding for grid_sample, the compiler evaluates an expression that can produce a zero divisor and triggers an internal check failure (pb->value != 0), causing a crash instead of handling the exceptional condition safely.",[Bug][Relay] Check failed: pb->value != 0 (0 vs. 0) : Divide by zero in grid_sample,2023-06-13T14:06:36Z,https://github.com/apache/tvm/issues/15089
15160,apache/tvm,v0.12.0,CWE-754: Improper Check for Unusual or Exceptional Conditions,Tensor Mapping Defects,"When handling float64/int64 inputs in the graph executor/NDArray input pipeline, TVMArrayCopyFromTo enforces an exact byte-size match and fails (crashes/throws) instead of correctly validating and handling dtype/shape differences (e.g., performing conversion or producing a controlled error), allowing crafted inputs to trigger a runtime failure.",[Bug][Runtime] float64/int64 lead to TVMArrayCopyFromTo: The size must exactly match,2023-06-26T15:29:44Z,https://github.com/apache/tvm/issues/15160
15197,apache/tvm,v0.12.0,CWE-754: Improper Check for Unusual or Exceptional Conditions,IR Transformation Errors,"A scheduling/lowering pass can produce TIR where a loop/iter variable (e.g., `i1.outer.inner`) is referenced before its defining scope is established, triggering an internal error and crashing compilation instead of validating/repairing the IR or emitting a robust diagnostic. This enables a crafted schedule/model to cause a denial-of-service via compiler crash.","[Bug] Error reporting ""variable i1.outer.inner was used before it was defined"" after schedule",2023-07-02T12:31:47Z,https://github.com/apache/tvm/issues/15197
15198,apache/tvm,v0.12.0,CWE-682: Incorrect Calculation,Numerical Computing Defects,"The TIR scheduling/lowering pipeline (reduction parallelization and rfactor) can apply a transformation that changes the numerical behavior of reductions (e.g., altered accumulation order/associativity or incorrect rfactor handling), leading to accuracy loss and inconsistent inference results compared to the original model without an explicit crash.",[Problem] Accuracy loss caused by schedule,2023-07-02T12:37:08Z,https://github.com/apache/tvm/issues/15198
15199,apache/tvm,v0.12.0,CWE-617: Reachable Assertion,Numerical Computing Defects,"A scheduled TIR program can produce an expression with a zero divisor that is not guarded/validated before simplification or constant folding, leading to a fatal internal check failure (""pb->value != 0"") and crashing the compiler instead of handling the exceptional condition gracefully.","[Bug] Error reporting ""Check failed: pb->value != 0 (0 vs. 0) : Divide by zero"" after schedule",2023-07-02T12:38:34Z,https://github.com/apache/tvm/issues/15199
15200,apache/tvm,v0.12.0,Improper Control of Compilation Availability,Memory Management Defects,"A crafted TE schedule using if_then_else triggers a lowering/code generation bug that produces incorrect buffer indexing or bounds assumptions, resulting in a crash and potential memory corruption (out-of-bounds write) in the generated runtime module.",[Bug] Crash caused by if_then_else with schedule,2023-07-02T12:45:45Z,https://github.com/apache/tvm/issues/15200
15201,apache/tvm,v0.12.0,CWE-754: Improper Check for Unusual or Exceptional Conditions,Invariant Violations,"A crafted/invalid TE schedule can trigger a conflict between newly detected bounds (e.g., for expressions like max(2, ax0)) and previously memoized bound results in TIR bound inference, causing an internal error/crash instead of graceful handling.","[Bug] Error reporting â€œDetected bound for max(2, ax0)conflicts with memorizationâ€Â?after schedule",2023-07-02T12:48:29Z,https://github.com/apache/tvm/issues/15201
15202,apache/tvm,v0.12.0,CWE-754: Improper Check for Unusual or Exceptional Conditions,IR Transformation Errors,"During TIR optimization/lowering after applying a TE schedule, the compiler can produce or validate IR where a CSE-generated variable (e.g., cse_var_2) is referenced before it is defined, triggering an internal error and crashing compilation. A crafted schedule/model can thus cause a denial-of-service via a reachable compiler failure.",[Bug] Error reporting â€œvariable cse_var_2 has been used before definition!â€Â?after schedule,2023-07-02T13:02:04Z,https://github.com/apache/tvm/issues/15202
15203,apache/tvm,v0.12.0,Incorrect Preservation of Model Semantics,Tensor Mapping Defects,"The auto_scheduler and subsequent TIR optimization/lowering produce inconsistent inference results when tensor shapes involve inequality-based constraints (e.g., symbolic/parametric dimensions with non-equality relations). This indicates the compiler assumes or simplifies shape relations incorrectly, leading to generated code that is not semantically equivalent to the original model for some valid shape instances.",[Bug] Inconsistent caused by inequalities in the shape,2023-07-02T13:04:05Z,https://github.com/apache/tvm/issues/15203
15204,apache/tvm,v0.12.0,Incorrect Preservation of Model Semantics,IR Transformation Errors,"During TIR lowering/optimization, an if_then_else predicate formed by adding boolean comparisons (e.g., (ax1 < 3) + (ax2 < 1)) is handled inconsistently, leading to divergent compiled behavior and inference result inconsistency compared to the intended semantics.",[Bug] Inconsistent caused by tir.if_then_else(((ax1 < 3) + (ax2 < 1)),2023-07-02T13:05:02Z,https://github.com/apache/tvm/issues/15204
15205,apache/tvm,v0.12.0,CWE-682: Incorrect Calculation,Numerical Computing Defects,"During lowering/TIR optimization, the compiler mis-handles summation of constants (e.g., reassociation/overflow/precision or simplification rules), producing different computed values and potentially altering generated memory access calculations. This breaks semantic equivalence between the original program/model and the compiled output, leading to inconsistent inference results and possible memory corruption when the wrong constant is used in address/shape arithmetic.",[Bug] Inconsistent caused by the sum of constant,2023-07-02T13:08:56Z,https://github.com/apache/tvm/issues/15205
15227,apache/tvm,v0.12.0,CWE-754: Improper Check for Unusual or Exceptional Conditions,IR Transformation Errors,"The MergeCompositeFunctions IR transformation can dereference invalid memory (segfault) when processing certain composite patterns produced from a PyTorch Hub ResNet18 import, indicating the pass assumes structural invariants that are not validated/handled, allowing a crafted or malformed model/IR to crash the compiler.",[Bug] [Unity] segfault on MergeCompositeFunctions with pytorch hub resnet18,2023-07-04T14:31:56Z,https://github.com/apache/tvm/issues/15227
15271,apache/tvm,v0.12.0,CWE-20: Improper Input Validation,Tensor Mapping Defects,"During ONNX-to-Relay conversion, TVM accepts the ReduceL2 `axis` parameter from an input tensor (dynamic input) rather than validating that `axis` must be provided as an attribute per operator schema. This improper validation can lead to malformed models triggering crashes during import/compilation.",[Bug] [ONNX] ReduceL2 accept the axis parameter from an input tensor instead of an attribute,2023-07-09T09:36:33Z,https://github.com/apache/tvm/issues/15271
15280,apache/tvm,v0.12.0,CWE-682: Incorrect Calculation,Numerical Computing Defects,"During PyTorch->Relay frontend import and/or operator legalization, the BatchNorm op is lowered with mismatched inference semantics (e.g., incorrect handling of running mean/variance, epsilon, momentum, training/inference mode, or parameter layout), causing TVM-compiled inference outputs to differ from PyTorch for the same model and inputs without an explicit failure.",[Bug] batch_norm give a inconsistent inference results between PyTorch and TVM,2023-07-10T13:29:48Z,https://github.com/apache/tvm/issues/15280
15281,apache/tvm,v0.12.0,CWE-682: Incorrect Calculation,Numerical Computing Defects,"The PyTorch maxpool2d operator is imported/lowered into Relay with semantics that do not exactly match PyTorch (e.g., handling of padding/ceil_mode/dilation/indices or boundary conditions), causing compiled inference outputs to differ from PyTorch for the same model and inputs.",[Bug][frontend] maxpool2d have a inconsistent inference results with PyTorch,2023-07-10T14:49:25Z,https://github.com/apache/tvm/issues/15281
15283,apache/tvm,v0.12.0,CWE-682: Incorrect Calculation,Numerical Computing Defects,"The PyTorch->Relay import and/or subsequent lowering for conv_transpose3d does not faithfully preserve PyTorch’s conv_transpose3d semantics (e.g., padding/stride/dilation/output_padding/groups handling), leading to inconsistent inference outputs between TVM-compiled and original PyTorch execution without an explicit failure.",[Bug] inconsistent inference result about conv_transpose3d operator in pytorch,2023-07-10T15:48:23Z,https://github.com/apache/tvm/issues/15283
15285,apache/tvm,v0.12.0,CWE-682: Incorrect Calculation,Numerical Computing Defects,"The frontend conversion of PyTorch conv2d into Relay produces a graph/operator configuration that is not semantically equivalent to PyTorch (e.g., differing handling of padding/stride/dilation/groups/layout or weight/bias interpretation), leading to inconsistent inference outputs without necessarily crashing.",[Bug] conv2d produced inconsistenct inference results with PyTorch,2023-07-10T16:32:14Z,https://github.com/apache/tvm/issues/15285
15338,apache/tvm,v0.13.0,CWE-682: Incorrect Calculation,Numerical Computing Defects,"The issue reports wrong inference results specifically for int32 when executing via TVM's graph executor, indicating a semantic mismatch between expected model behavior and runtime execution (e.g., incorrect dtype propagation, casting, or integer arithmetic semantics), leading to inconsistent/incorrect outputs without necessarily crashing.",[Wrong results] Why the graph executor give a wrong inference result about int32,2023-07-17T11:01:33Z,https://github.com/apache/tvm/issues/15338
15393,apache/tvm,v0.13.0,CWE-617: Reachable Assertion,Numerical Computing Defects,"The TIR arith constant-folding/Simplify pass can evaluate an expression that results in division by zero and triggers a reachable internal check (TVMError), causing a compiler crash when lowering models such as torch.nn.Softplus instead of safely guarding or deferring the transformation.","[Bug] [Relay] TVMError: ""Check failed: fb->value != 0 (0 vs. 0) : Divide by zero"" in torch.nn.Softplus",2023-07-24T14:28:05Z,https://github.com/apache/tvm/issues/15393
15394,apache/tvm,v0.13.0,Incorrect Preservation of Model Semantics,Tensor Mapping Defects,"During PyTorch->Relay translation and/or subsequent constant folding, the Pad operator is handled in a way that does not preserve PyTorch’s padding semantics (e.g., mode/shape/axis interpretation), leading to compiled inference outputs that differ from PyTorch for the same model and inputs without necessarily crashing.",[Bug] [PyTorch] Pad produced inconsistent inference results with PyTorch,2023-07-24T16:18:06Z,https://github.com/apache/tvm/issues/15394
15395,apache/tvm,v0.13.0,Incorrect Preservation of Model Semantics,Tensor Mapping Defects,"The Relay frontend/type-inference + constant-folding pipeline mishandles PyTorch ConstantPad1d (e.g., padding parameter interpretation and/or edge-case tensor shapes), producing a compiled graph whose padding behavior differs from PyTorch, leading to inconsistent inference outputs without necessarily crashing.",[Bug] ConstantPad1d produced inconsistent inference results with PyTorch,2023-07-24T16:32:30Z,https://github.com/apache/tvm/issues/15395
15396,apache/tvm,v0.13.0,CWE-682: Incorrect Calculation,Numerical Computing Defects,"The ELU operator legalization/scheduling in TVM v0.13.0 produces outputs that differ from PyTorch for the same inputs, indicating the compiled model does not preserve the original model’s ELU semantics (e.g., due to incorrect math formulation, dtype/precision handling, or boundary conditions in lowering/codegen).",[Bug] ELU produced inconsistent inference results with PyTorch,2023-07-24T17:12:47Z,https://github.com/apache/tvm/issues/15396
15410,apache/tvm,v0.13.0,CWE-754: Improper Check for Unusual or Exceptional Conditions,Numerical Computing Defects,"The TIR lowering/code generation path does not correctly handle expressions where a division operand is produced by tir.isfinite or tir.isinf (boolean-like predicate), leading to an internal crash instead of validating/rejecting or safely lowering the construct. A crafted model/IR can trigger a compiler crash (availability impact).",[Bug] Crash when handling division by tir.isfinite or tir.isinf operator,2023-07-26T07:21:50Z,https://github.com/apache/tvm/issues/15410
15426,apache/tvm,v0.13.0,CWE-617: Reachable Assertion,Invariant Violations,"During TIR meta-schedule design space generation, the MMA tensor-core schedule rule enforces an internal invariant `(loops.size() == 3 || !state->is_mma)` and aborts with an InternalError when violated. A crafted/unsupported loop structure can reach this check, causing a deterministic crash (denial of service) instead of being handled as a recoverable/validated condition.",[Bug] InternalError: Check failed: (loops.size() == 3 || !state->is_mma) is false: The MMA tensor core only supports SSR loops now,2023-07-28T06:27:54Z,https://github.com/apache/tvm/issues/15426
15440,apache/tvm,v0.13.0,CWE-617: Reachable Assertion,Invariant Violations,"During Relay backend memory planning/storage allocation (GraphPlanMemory/TokenAllocator), a tensor with a symbolic dimension (e.g., [T.Any(), 1]) reaches an allocation path that assumes concrete extents, causing pval to be null and triggering an InternalError check failure instead of gracefully rejecting or handling symbolic shapes.","InternalError: Check failed: (pval != nullptr) is false: Cannot allocate memory symbolic tensor shape [T.Any(), 1]",2023-07-31T11:07:26Z,https://github.com/apache/tvm/issues/15440
15549,apache/tvm,v0.13.0,CWE-754: Improper Check for Unusual or Exceptional Conditions,IR Transformation Errors,"The MetaScheduler database is not Target-aware, so it can return schedules/records tuned for a different Target. Applying an incompatible schedule during auto-tuning/schedule selection can trigger crashes or severe reliability degradation, enabling denial-of-service via crafted or mismatched tuning records/models.",[Bug] [MetaScheduler] Database is not Target-aware,2023-08-14T10:48:40Z,https://github.com/apache/tvm/issues/15549
15651,apache/tvm,v0.13.0,Incorrect Preservation of Model Semantics,Tensor Mapping Defects,"During ONNX->Relax frontend import, the Gather operator is legalized in a way that does not exactly match ONNX semantics (e.g., axis/index handling or shape/dtype rules), leading to compiled inference results that differ from ONNX runtime for the same model and inputs.",[Bug] [Unity] [Frontend] [ONNX] Gather produced inconsistent inference results with ONNX,2023-09-01T09:35:39Z,https://github.com/apache/tvm/issues/15651
15716,apache/tvm,v0.13.0,CWE-704: Incorrect Type Conversion or Cast,Backend Inconsistencies,"At the Python↔C++ runtime/FFI boundary, a StringImm object cannot be correctly passed/converted to the C++ side, leading to a crash when a crafted Python program/model triggers this unsupported or incorrectly handled object interop path.",[Bug] StringImm Object Can't Be Pass to C++ Side from Python Side,2023-09-09T03:22:52Z,https://github.com/apache/tvm/issues/15716
15795,apache/tvm,v0.13.0,CWE-754: Improper Check for Unusual or Exceptional Conditions,Tensor Mapping Defects,"The PyTorch->Relay frontend incorrectly converts in-place indexed update ops (e.g., index_put_()), producing invalid or ill-typed Relay IR that causes Relay type inference/lowering to error out and crash compilation when given a crafted traced model containing these ops.","[Bug] There is an error in converting operations like index_put_() in the PyTorch graph, when converting a PyTorch traced model to TVM's Relay IR.",2023-09-21T03:24:50Z,https://github.com/apache/tvm/issues/15795
15797,apache/tvm,v0.13.0,CWE-754: Improper Check for Unusual or Exceptional Conditions,Invariant Violations,"The Relay printer/parser and/or JSON Save/Load path fails when encountering `torch_op` constructs, leading to parsing errors and crashes during IR serialization/deserialization. A crafted Relay program containing `torch_op` can reliably trigger compilation failure (availability impact).",[Bug] Parsing errors when Relay contains `torch_op` ,2023-09-21T09:48:53Z,https://github.com/apache/tvm/issues/15797
15907,apache/tvm,v0.13.0,Incorrect Preservation of Model Semantics,IR Transformation Errors,"The same model produces inconsistent outputs across runs/compilations at higher opt_level, indicating an optimization or lowering pass in Relay/TE introduces non-determinism or an incorrect transformation that violates semantic equivalence of the compiled model.",[Bug] inconsistent ouputs produced by the same model,2023-10-10T11:55:00Z,https://github.com/apache/tvm/issues/15907
15911,apache/tvm,v0.13.0,Incorrect Preservation of Model Semantics,IR Transformation Errors,"The reverse_compute_at scheduling/lowering pass can reorder or relocate computations in a way that violates dependency/ordering assumptions, producing numerically incorrect outputs (wrong inference results) without necessarily crashing, leading to semantic mismatch between the original and compiled program.",[Bug] [TensorIR] Wrong results with reverse_compute_at,2023-10-10T22:52:05Z,https://github.com/apache/tvm/issues/15911
15931,apache/tvm,v0.13.0,CWE-754: Improper Check for Unusual or Exceptional Conditions,Tensor Mapping Defects,"The Relay optimization pass FakeQuantizationToInteger crashes with a segmentation fault when processing an ONNX MatMul using per-channel quantization, indicating the pass assumes scalar/per-tensor quantization and miscomputes indexing/shape alignment for per-channel scales/zero-points, resulting in out-of-bounds memory access and potential memory corruption.",[Bug] Segmentation fault in FQ2I with per-channel quantized ONNX MatMul,2023-10-13T17:41:40Z,https://github.com/apache/tvm/issues/15931
15987,apache/tvm,v0.14.0,CWE-682: Incorrect Calculation,Numerical Computing Defects,"During MetaScheduler IR construction/TIR lowering, a literal value larger than the maximum int32 is represented or cast as int32 without proper range checking or promotion to a wider type, leading to overflow and a crash (availability impact) when compiling adversarially large constants.",[Bug] MetaScheduler Literal value exceeds maximum of int32,2023-10-26T06:57:57Z,https://github.com/apache/tvm/issues/15987
16042,apache/tvm,v0.14.0,Incorrect Preservation of Model Semantics,IR Transformation Errors,"At Relay opt_level=4, an optimization pass inserts an extra torch.Tensor.transpose node in the compiled graph for torch.argmin, changing tensor layout/axis interpretation and producing output mismatches versus the original model without an explicit failure.",[Bug] Output mismatch of torch.argmin due to an extra torch.Tensor.transpose node with optimization,2023-11-02T14:04:34Z,https://github.com/apache/tvm/issues/16042
16043,apache/tvm,v0.14.0,Incorrect Preservation of Model Semantics,IR Transformation Errors,"At Relay opt_level=4, an optimization pass inserts an extra torch.Tensor.transpose node around/near torch.sum, changing the effective axis order for the reduction and producing output mismatches versus the original model without an explicit failure.",[Bug] Output mismatch of torch.sum due to an extra torch.Tensor.transpose node with optimization,2023-11-02T14:11:03Z,https://github.com/apache/tvm/issues/16043
16044,apache/tvm,v0.14.0,Incorrect Preservation of Model Semantics,IR Transformation Errors,"At Relay opt_level=4, a high-level optimization pass incorrectly rewrites the Torch argmax subgraph and inserts an extra Tensor.transpose node, changing axis/layout semantics and producing inconsistent inference outputs compared to the original model.",[Bug] Output mismatch of torch.argmax due to an extra torch.Tensor.transpose node with optimization,2023-11-02T14:21:59Z,https://github.com/apache/tvm/issues/16044
16053,apache/tvm,v0.14.0,Incorrect Preservation of Model Semantics,IR Transformation Errors,"At Relay opt_level=4, graph optimization treats a transpose as an equivalent transformation but fails to preserve the correct axis/index mapping for torch.Tensor.argmin/argmax, producing inconsistent inference outputs compared to the original model.",[Bug] Output mismatch of torch.Tensor.argmin/argmax when applying equivalent torch.Tensor.transpose with optimization,2023-11-03T02:26:35Z,https://github.com/apache/tvm/issues/16053
16054,apache/tvm,v0.14.0,CWE-682: Incorrect Calculation,Numerical Computing Defects,"Relay graph-level optimization/lowering appears to reorder/fold operations involving division and a torch.to(dtype=int64) cast without preserving PyTorch’s defined behavior for exceptional values (e.g., div-by-zero producing inf/NaN) and subsequent conversion to int64. This can cause inference result inconsistencies (silent miscompilation) rather than a controlled error, indicating a semantic-equivalence violation triggered by crafted inputs/models that hit these edge cases.",[Bug] A possible overflow of div-by-zero and torch.to(dtype=torch.int64) after optimization,2023-11-03T02:51:46Z,https://github.com/apache/tvm/issues/16054
16056,apache/tvm,v0.14.0,CWE-682: Incorrect Calculation,Numerical Computing Defects,"The Relay optimization/lowering path for matmul changes numeric behavior (e.g., accumulation dtype, casting, or reordering/fusion), causing overflow to occur differently than in the unoptimized path and leading to inconsistent inference results for the same model/input.",[Bug] A possible overflow of torch.matmul with and without optimization,2023-11-03T03:09:09Z,https://github.com/apache/tvm/issues/16056
16057,apache/tvm,v0.14.0,Incorrect Preservation of Model Semantics,IR Transformation Errors,"Relay middle-end optimization incorrectly treats duplicate torch.mul nodes as equivalent and merges/reuses them during CSE, but the merged value is not semantically identical in the presence of subsequent torch.gt (e.g., due to differing type/shape/broadcasting or other hidden attributes). This changes the computed comparison result, causing output mismatch without an explicit failure.",[Bug] Output mismatch of torch.gt when duplicate torch.mul nodes exist with optimization,2023-11-03T03:21:47Z,https://github.com/apache/tvm/issues/16057
16058,apache/tvm,v0.14.0,Incorrect Preservation of Model Semantics,IR Transformation Errors,"At Relay middle-end opt_level=4, an optimization pass produces an extra/incorrect Tensor.transpose node around torch.mul, altering tensor layout/broadcasting alignment and leading to output mismatch between the original Torch model and the compiled TVM result without an explicit failure.",[Bug] Output mismatch of torch.mul due to an extra torch.Tensor.transpose node with optimization,2023-11-03T04:46:03Z,https://github.com/apache/tvm/issues/16058
16140,apache/tvm,v0.14.0,CWE-20: Improper Input Validation,Backend Inconsistencies,"The TOPI CUDA schedule for batch_matmul does not validate or correctly handle input_batch values > 65536, leading to generation of an invalid/unsupported CUDA grid configuration during TIR lowering and causing a crash (availability impact) when compiling or running adversarially large batch sizes.",bug of batch_matmul op schedule when input_batch>65536,2023-11-17T05:39:08Z,https://github.com/apache/tvm/issues/16140
16160,apache/tvm,v0.14.0,Improper Control of Compilation Availability,Backend Inconsistencies,"Compiling a model containing a dense op for the ROCm/AMDGPU target causes a crash during TIR-to-LLVM/AMDGPU backend code generation, indicating a codegen defect that can be triggered by a crafted/valid model to impair compilation availability.",[Bug] [ROCm] dense op error when compiling model with rocm,2023-11-24T08:31:02Z,https://github.com/apache/tvm/issues/16160
16191,apache/tvm,v0.14.0,CWE-754: Improper Check for Unusual or Exceptional Conditions,IR Transformation Errors,"The Relax MergeCompositeFunctions optimization pass triggers a segmentation fault when the module contains R.call_tir, indicating missing/incorrect handling of this IR construct (e.g., unchecked assumptions about node structure or null/invalid references), allowing a crafted model/IR to crash the compiler.",[Bug] MergeCompositeFunctions trigger Segmentation fault when there has R.call_tir in module,2023-12-01T12:24:49Z,https://github.com/apache/tvm/issues/16191
16211,apache/tvm,v0.14.0,CWE-682: Incorrect Calculation,Numerical Computing Defects,"Relay transformer optimization passes introduce unacceptable numerical bugs that change inference results (result inconsistency) compared to the original model, indicating the passes are not semantics-preserving under certain inputs/models.",Two passes incur unaccecptable numerical bugs [Bug] [relay:transformer],2023-12-08T01:30:39Z,https://github.com/apache/tvm/issues/16211
16276,apache/tvm,v0.14.0,Improper Control of Compilation Availability,Memory Management Defects,"During AutoScheduler runtime benchmarking on the OpenCL backend, TVM repeatedly enqueues kernel launch commands without sufficient throttling/cleanup, leading to excessive host-side command queue/resource growth and triggering CL_OUT_OF_HOST_MEMORY, causing measurement failure/crash (resource exhaustion) with crafted or adversarial tuning workloads.",[Bug] [AutoScheduler] [OpenCL]: TVM enqueues too many kernel launch command causing CL_OUT_OF_HOST_MEMORY error,2023-12-25T13:03:35Z,https://github.com/apache/tvm/issues/16276
16295,apache/tvm,v0.14.0,Incorrect Preservation of Model Semantics,Tensor Mapping Defects,"The ONNX frontend import produces incorrect Relay semantics for OneHot when the `axis` attribute is not the last dimension, leading to wrong inference results without a crash (semantic mismatch between ONNX and compiled model).",[Bug] [Relay] produce an wrong results when the axis of OneHot is not set as the last dimension,2023-12-29T07:22:20Z,https://github.com/apache/tvm/issues/16295
16354,apache/tvm,v0.14.0,CWE-754: Improper Check for Unusual or Exceptional Conditions,Tensor Mapping Defects,"The lowering/legalization path for Relay conv2d_transpose assumes the default kernel_layout and fails to correctly validate or normalize alternative kernel_layout values, leading to inconsistent shape/layout assumptions during TE/TIR generation and a resulting compiler crash when a crafted model uses a non-default kernel_layout.",[Bug] conv2d_transpose not work with non-default kernel_layout,2024-01-05T08:57:54Z,https://github.com/apache/tvm/issues/16354
16416,apache/tvm,v0.14.0,CWE-682: Incorrect Calculation,Numerical Computing Defects,"During PyTorch->Relay/Relax import/operator legalization, the linspace operator is lowered with semantics that do not match the source framework (e.g., wrong endpoint/step/count handling or dtype/rounding behavior), producing inconsistent inference results without necessarily crashing.",[Bug] linspace op gets wrong result,2024-01-17T12:36:40Z,https://github.com/apache/tvm/issues/16416
16490,apache/tvm,v0.15.0,CWE-20: Improper Input Validation,Invariant Violations,"The debug_executor debug_get_output API mishandles or fails to validate parameter passing at the runtime boundary, allowing malformed or unexpected arguments to trigger an error/crash instead of being safely rejected.",[Bug] debug_get_output function of debug_executor reports error in parameter passing.,2024-01-30T08:32:08Z,https://github.com/apache/tvm/issues/16490
16491,apache/tvm,v0.15.0,CWE-617: Reachable Assertion,Invariant Violations,"A crafted or simply unsupported schedule/model configuration can drive the MetaSchedule MMA m16n8k8 auto-tensorization/codegen logic into an internal invariant violation, triggering an assertion failure during compilation/testing and causing a crash (availability impact).",[Bug] Assertion failed on test: test_meta_schedule_mma_m16n8k8_auto_tensorization.py,2024-01-30T09:55:31Z,https://github.com/apache/tvm/issues/16491
16496,apache/tvm,v0.15.0,CWE-617: Reachable Assertion,Tensor Mapping Defects,"During Relay frontend import/operator legalization, a tensor transform op is constructed with an `axes` attribute whose length does not match `data.ndim`, causing an InternalError assertion (`Check failed: (!axes.defined() || axes.size()==ndim)`) and crashing compilation instead of gracefully validating/rejecting the input.","[Bug] InternalError: Check failed: (!axes.defined() || static_cast(axes.size()) == ndim) is false: Dimension mismatch: axes has 4 elements, but data.ndim = 5",2024-01-31T08:10:28Z,https://github.com/apache/tvm/issues/16496
16509,apache/tvm,v0.15.0,CWE-754: Improper Check for Unusual or Exceptional Conditions,Tensor Mapping Defects,"Relay backend token allocation/memory planning attempts to allocate buffers for tensors with fully symbolic dimensions (e.g., [T.Any(), T.Any()]) without a safe fallback or proper handling of unknown extents, leading to a crash and loss of compilation availability when given models with dynamic shapes.","[Bug]Cannot allocate memory symbolic tensor shape [T.Any(), T.Any()]",2024-02-02T02:10:46Z,https://github.com/apache/tvm/issues/16509
16530,apache/tvm,v0.15.0,Improper Control of Compilation Availability,Memory Management Defects,"The OpenCL (Mali) execution/profiling path scales memory allocations with the number of model nodes without enforcing limits or handling allocation failure gracefully, so adversarially large models can trigger CL_OUT_OF_HOST_MEMORY and crash/fail to run (availability/resource exhaustion).",[Bug] [OpenCL] [Mali]: Models with too many nodes failed to profile/run with CL_OUT_OF_HOST_MEMORY error,2024-02-06T18:51:52Z,https://github.com/apache/tvm/issues/16530
16534,apache/tvm,v0.15.0,CWE-682: Incorrect Calculation,Numerical Computing Defects,"The issue reports an output mismatch for a quantized TFLite ResNet50 when compiled/run with the arm_cpu target, indicating a semantic/numerical discrepancy introduced during code generation (e.g., incorrect quantized arithmetic lowering, rounding/saturation behavior, or ARM-specific intrinsic selection), leading to inconsistent inference results without an explicit crash.",[BUG] TFLite quantized ResNet50 test output mismatch when run on `arm_cpu` target,2024-02-07T10:18:52Z,https://github.com/apache/tvm/issues/16534
16538,apache/tvm,v0.15.0,CWE-248: Uncaught Exception,Invariant Violations,"When compiling the `test_tflite_large_irregular` model for the `arm_cpu` target, AutoTVM’s schedule/search-space generation performs an index access on a list without validating bounds, leading to a Python `IndexError: list index out of range` and crashing the compilation/tuning process. A crafted or irregular model/shape can trigger this denial-of-service condition.",[BUG] List index out of range compiling `test_tflite_large_irregular` on `arm_cpu` target,2024-02-07T12:58:15Z,https://github.com/apache/tvm/issues/16538
16552,apache/tvm,v0.15.0,CWE-754: Improper Check for Unusual or Exceptional Conditions,IR Transformation Errors,"During Conv3d auto-tuning/schedule transformation, the generated TIR contains an undefined variable, causing the IR to fail the well-formedness check and crash/abort compilation, enabling a crafted workload/tuning configuration to trigger a denial of service in the compilation pipeline.",[Bug] Conv3d Tuning Generated Undefined Variable Cannot Pass Wellformed Check,2024-02-10T13:01:16Z,https://github.com/apache/tvm/issues/16552
16577,apache/tvm,v0.15.0,CWE-682: Incorrect Calculation,Numerical Computing Defects,"The TIR Simplify/SimplifyInContext pass with the propagate_knowns_to_simplify_expressions flag can incorrectly rewrite expressions based on propagated “knownâ€?facts, leading to semantically different optimized IR and thus inconsistent inference results without necessarily crashing.","[Bug] Possible issue with the ""simplify pass"" using the ""propagate_knowns_to_simplify_expressions"" flag",2024-02-15T19:27:44Z,https://github.com/apache/tvm/issues/16577
16614,apache/tvm,v0.15.0,CWE-754: Improper Check for Unusual or Exceptional Conditions,Invariant Violations,"During auto-scheduling (multilevel tiling with a tensor intrinsic), the tensorization step can fail and trigger a crash instead of being detected and handled gracefully (e.g., by rejecting the schedule candidate or falling back), allowing a crafted workload/model to cause compilation-time denial of service.",[Bug] Tensorization Failure During Multilevel Tiling with Tensor Intrin,2024-02-21T04:34:22Z,https://github.com/apache/tvm/issues/16614
16698,apache/tvm,v0.15.0,CWE-704: Incorrect Type Conversion or Cast,Tensor Mapping Defects,"When importing a Keras model to Relay and performing type legalization/lowering, bfloat16 inputs are not preserved/converted correctly, leading to semantic mismatch and inconsistent/wrong inference results without necessarily crashing.",[Bug] input_type bfloat16 lead to wrong predict results,2024-03-11T15:40:11Z,https://github.com/apache/tvm/issues/16698
16869,apache/tvm,v0.15.0,CWE-754: Improper Check for Unusual or Exceptional Conditions,IR Transformation Errors,"The LazyGradientInit optimization can rewrite Relay graphs into an inconsistent/invalid form (e.g., broken bindings or unmet invariants), causing the compiler to crash during subsequent Relay optimization/compilation stages when processing affected models.",[Bug] Error in compiling model after applying LazyGradientInit optimization,2024-04-11T08:57:25Z,https://github.com/apache/tvm/issues/16869
16870,apache/tvm,v0.15.0,Incorrect Preservation of Model Semantics,IR Transformation Errors,"The issue reports inconsistent inference results when applying an optimization directly versus applying equivalent optimizations sequentially in the Relay pass pipeline, indicating that pass composition/order changes program semantics (likely due to missing invariants, incorrect rewrite conditions, or insufficient canonicalization), leading to compiled models that are not semantically equivalent to the original or to each other.",[Bug] Inconsistent Results between Direct Optimization and Sequential Optimization in TVM,2024-04-11T09:07:17Z,https://github.com/apache/tvm/issues/16870
16889,apache/tvm,v0.15.0,CWE-754: Improper Check for Unusual or Exceptional Conditions,IR Transformation Errors,"The sch.blockize schedule primitive can leave the schedule’s internal block/InitBlock metadata out of sync with the transformed TIR, making the init block undiscoverable and leading to downstream scheduling failures or crashes when later primitives assume the init block is present and queryable.",[Bug] Init block not discoverable after sch.blockize,2024-04-16T09:58:22Z,https://github.com/apache/tvm/issues/16889
16898,apache/tvm,v0.15.0,CWE-20: Improper Input Validation,Tensor Mapping Defects,"During Relay frontend import/type inference (PadRel shape checking in InferType/DynamicToStatic), malformed or unexpected `Pad` operator attributes/shapes can trigger a compiler crash instead of being validated and reported as a recoverable error, enabling denial-of-service via a crafted model.",[Bug] Graph optimization model compilation error involving `Pad` operator,2024-04-17T13:48:11Z,https://github.com/apache/tvm/issues/16898
16991,apache/tvm,v0.16.0,Improper Control of Compilation Availability,Memory Management Defects,"Iteratively running Relay transformation passes can leave IR nodes or pass-internal state in an invalid/dangling state (e.g., stale references after mutation), leading to a segmentation fault and compiler crash, enabling denial-of-service via crafted or adversarial pass invocation/model structure.",[Bug] Segmentation Fault when Running Relay Transformations Iteratively,2024-05-13T14:27:11Z,https://github.com/apache/tvm/issues/16991
17050,apache/tvm,v0.16.0,Incorrect Preservation of Model Semantics,Tensor Mapping Defects,"During Relay graph import/shape inference (DynamicToStatic + InferType), the compiler infers an incorrect output shape for the ONNX `Squeeze` operator, leading to inconsistent types/shapes that can trigger a crash when compiling adversarial or malformed models using `Squeeze` with dynamic/static dimension interactions.",[Bug] [Relay] [ONNX] Incorrect shape inference of `Squeeze` in `DynamicToStatic`,2024-05-31T05:31:23Z,https://github.com/apache/tvm/issues/17050
17072,apache/tvm,v0.16.0,Improper Control of Compilation Availability,Others,"The common subexpression elimination TIR transform uses a ComputationCache that is not thread-safe; concurrent access/mutation can corrupt internal state, leading to nondeterministic crashes and potential memory corruption when compiling adversarial or parallel workloads.",[Bug] Race condition in TIR ComputationCache in transforms common subexpression elimination ,2024-06-07T10:53:53Z,https://github.com/apache/tvm/issues/17072
17081,apache/tvm,v0.16.0,CWE-704: Incorrect Type Conversion or Cast,Numerical Computing Defects,"Relay/ONNX/Torch Cast lowering does not robustly preserve IEEE-754 NaN conversion behavior (and/or dtype mapping rules), leading to inconsistent inference results when inputs contain NaNs. A crafted model/input with NaNs can trigger semantic divergence between the original framework and the compiled TVM execution without an explicit failure.",[Bug] [Relay] [Torch] [ONNX] Robustness of `Cast` operator accepting `NaN` values,2024-06-11T07:51:10Z,https://github.com/apache/tvm/issues/17081
17099,apache/tvm,v0.16.0,CWE-682: Incorrect Calculation,Numerical Computing Defects,"During frontend lowering from PyTorch FX/Relax nn.module to Relax ops, the scaled_dot_product_attention operator is mapped or lowered with mismatched semantics (e.g., handling of scaling, masking/causal behavior, dropout, or numerical details), producing inference results inconsistent with the source framework without necessarily crashing.",[Bug] correctness issue of scaled_dot_product_attention,2024-06-17T03:02:27Z,https://github.com/apache/tvm/issues/17099
17120,apache/tvm,v0.16.0,CWE-754: Improper Check for Unusual or Exceptional Conditions,Memory Management Defects,"The MergeCompositeFunctions IR transformation can trigger a segmentation fault (process crash) when run on certain Relax programs, indicating the pass assumes internal IR invariants that are not validated/handled and ends up dereferencing an invalid pointer, causing a denial-of-service during compilation/optimization.",[Relax][Bug] Segmentation fault when using the MergeCompositeFunctions transform,2024-06-27T03:24:57Z,https://github.com/apache/tvm/issues/17120
17176,apache/tvm,v0.16.0,CWE-754: Improper Check for Unusual or Exceptional Conditions,Backend Inconsistencies,"During Relax runtime initialization/linking, the expected PackedFunc `tir_zeros` is not found in the PackedFunc registry/VM kernel library, causing a runtime failure (crash/abort) when the compiled program attempts to resolve or invoke it. This indicates improper handling/validation of required runtime symbols and leads to loss of availability.",[Relax][Bug] Cannot find PackedFunc tir_zeros,2024-07-18T16:59:52Z,https://github.com/apache/tvm/issues/17176
17200,apache/tvm,v0.17.0,CWE-617: Reachable Assertion,Invariant Violations,"A crafted or malformed Relax IR can trigger an InternalError due to a failed invariant in a map/lookup structure (assertion-like check `(*it).second == var`) during IR transformation/optimization, causing the compiler to crash and impacting compilation availability.",[Bug] [Relax] InternalError: Check failed: (*it).second == var,2024-07-26T15:13:36Z,https://github.com/apache/tvm/issues/17200
17207,apache/tvm,v0.17.0,Incorrect Preservation of Model Semantics,IR Transformation Errors,"The LiftTransformParams optimization/transform pass changes the program in a way that is not semantically equivalent to the original Relax model, leading to inconsistent/wrong inference outputs without necessarily crashing (miscompilation).",[Bug] [Relax] LiftTransformParams lead to wrong inference results,2024-07-27T15:25:27Z,https://github.com/apache/tvm/issues/17207
17210,apache/tvm,v0.17.0,CWE-617: Reachable Assertion,Invariant Violations,"During IR optimization/graph partitioning in Relax (MergeCompositeFunctions), the pass assumes every visited object is present in the obj2group_ mapping; a crafted or unexpected IR pattern violates this assumption, triggering an InternalError assertion (it_group != obj2group_.end()) and crashing compilation.",[Bug] [Relax] InternalError: Check failed: (it_group != obj2group_.end()) is false,2024-07-28T14:24:59Z,https://github.com/apache/tvm/issues/17210
17215,apache/tvm,v0.17.0,CWE-617: Reachable Assertion,Invariant Violations,"A crafted/invalid Relax/TIR program can reach the FlattenBuffer (BufferFlatten) pass and trigger an InternalError assertion (`last_sep < self->shape.size()` / 'Last output axis must contain at least one input axis'), causing the compiler to crash during TIR lowering and impair compilation availability.",[Bug] [Relax] InternalError: Check failed: last_sep < self->shape.size() Last output axis must contain at least one input axis,2024-07-30T14:29:57Z,https://github.com/apache/tvm/issues/17215
17217,apache/tvm,v0.17.0,CWE-754: Improper Check for Unusual or Exceptional Conditions,Invariant Violations,"The VMBuiltinLower pass assumes a bound value is always a ShapeExpr; when given a non-ShapeExpr bound value, the pass hits an internal assertion/check and crashes during IR lowering, allowing a crafted Relax program/model to trigger a compiler crash (availability impact).",[Bug] [Relax] VMBuiltinLower expects bound value to be a ShapeExpr,2024-07-30T14:44:32Z,https://github.com/apache/tvm/issues/17217
17222,apache/tvm,v0.17.0,CWE-20: Improper Input Validation,IR Transformation Errors,"Relax well-formedness/UDChain construction does not properly detect or handle cases where a variable is referenced before it is defined, allowing malformed IR to reach analysis/optimization passes and trigger a crash.",[Bug] [Relax] Variable was used before its definition,2024-07-31T13:23:30Z,https://github.com/apache/tvm/issues/17222
17231,apache/tvm,v0.17.0,CWE-617: Reachable Assertion,Invariant Violations,"A crafted or malformed Relax program can reach a backend codegen path where a variable is referenced without being present in the VM codegen var_arg_map_, triggering a fatal CHECK failure (`it != var_arg_map_.end()`) and crashing compilation/inference instead of handling the undefined variable condition gracefully.",[Bug] [Relax] Check failed: (it != this->var_arg_map_.end()) is false: Var is not defined,2024-08-01T13:53:22Z,https://github.com/apache/tvm/issues/17231
17235,apache/tvm,v0.17.0,CWE-617: Reachable Assertion,Invariant Violations,"During Relax VM execution, a packed-function call path expects a TVMObjectHandle but receives an int, triggering an InternalError (type_code_ mismatch). The runtime does not robustly validate or gracefully handle unexpected argument type codes, leading to a crash instead of safe error handling.",[Bug] [Relax] InternalError: Check failed: type_code_ == kTVMObjectHandle expected Object but got int,2024-08-02T13:44:52Z,https://github.com/apache/tvm/issues/17235
17239,apache/tvm,v0.17.0,CWE-20: Improper Input Validation,Invariant Violations,"The Relax frontend/IR parser accepts malformed or unexpected IR constructs without sufficient structural/type/shape checks, leading to a segmentation fault (memory-unsafe crash) when later code assumes invariants that are not enforced.",[Bug] [Relax] Segfault error when parse the Relax IR,2024-08-03T08:52:05Z,https://github.com/apache/tvm/issues/17239
17244,apache/tvm,v0.17.0,Incorrect Preservation of Model Semantics,Memory Management Defects,"Relax VM runtime appears to reuse or expose uninitialized/previously-used memory for tensors/buffers, causing repeated inference with identical inputs to produce different outputs. This violates semantic determinism/consistency expectations and indicates incorrect handling of allocation/initialization or stateful runtime effects across runs.",[Bug] output different results when inference twice with the same inputs,2024-08-06T14:50:44Z,https://github.com/apache/tvm/issues/17244
17254,apache/tvm,v0.17.0,CWE-754: Improper Check for Unusual or Exceptional Conditions,Tensor Mapping Defects,"In the Relax FuseTIR optimization pass, inconsistent handling of buffer computations causes a buffer compute and a loop variable (lv) to be mapped to the same Relax variable, producing invalid/ill-formed IR that triggers a compiler crash during optimization or subsequent lowering.",[Bug] [Relax] Inconsistent buffers compute and lv mapped to the same relax var,2024-08-07T16:39:33Z,https://github.com/apache/tvm/issues/17254
17270,apache/tvm,v0.17.0,Incorrect Preservation of Model Semantics,IR Transformation Errors,"The Relax optimization pass ReorderTakeAfterMatmul can reorder a Take operation across a Matmul in a way that is not semantics-preserving for some shapes/indices/layouts, leading to compiled models producing inconsistent inference results compared to the original program without an explicit error.",[Bug] give inconsistent inference results after use ReorderTakeAfterMatmul,2024-08-12T15:37:48Z,https://github.com/apache/tvm/issues/17270
17276,apache/tvm,v0.17.0,CWE-682: Incorrect Calculation,Numerical Computing Defects,"Backend lowering/CUDA source emission mishandles FloatImm (floating-point immediates), causing constants to be emitted/rounded with insufficient precision (e.g., via string formatting or type narrowing), leading to inference result inconsistencies compared to the original model semantics.",[Bug] Precision issue when working with floating point constants (FloatImm),2024-08-15T18:16:02Z,https://github.com/apache/tvm/issues/17276
17311,apache/tvm,v0.17.0,Improper Control of Compilation Availability,Memory Management Defects,"A crafted model/program triggers a segmentation fault with memory corruption during Relax VM / generated TIR kernel execution, indicating an out-of-bounds memory access (write) due to improper validation of buffer shapes/indices/strides at runtime.",[Bug] Segmentation fault (core dumped) in executing the inference,2024-08-28T15:47:53Z,https://github.com/apache/tvm/issues/17311
17322,apache/tvm,v0.17.0,CWE-617: Reachable Assertion,Memory Management Defects,"A crafted model/program can trigger a Relax VM runtime InternalError during storage allocation when the allocator computes an offset/needed_size that exceeds the backing buffer size, causing a hard check failure and crash instead of graceful handling (e.g., returning OOM or resizing), leading to denial of service.",[Bug] InternalError: Check failed: (offset + needed_size <= this->buffer.size) is false: storage allocation failure,2024-08-30T13:17:14Z,https://github.com/apache/tvm/issues/17322
17333,apache/tvm,v0.17.0,CWE-682: Incorrect Calculation,Backend Inconsistencies,"The same model produces inconsistent inference outputs when compiled/executed via different TVM backends (CUDA vs LLVM), indicating a lowering/scheduling/codegen defect that fails to preserve semantic equivalence across targets (e.g., differing floating-point math behavior, reduction ordering, or GPU scheduling nondeterminism not accounted for).",[Bug] inferencing on the CUDA and LLVM produce inconsistent results,2024-09-04T16:54:22Z,https://github.com/apache/tvm/issues/17333
17340,apache/tvm,v0.17.0,CWE-754: Improper Check for Unusual or Exceptional Conditions,Invariant Violations,"The Relax IR optimization/transformation pipeline can encounter a non-normalized expression (e.g., involving R.memory.kill_tensor on a Constant metadata reference) and raises an InternalError instead of normalizing or rejecting the IR gracefully, allowing a crafted/invalid model or IR module to crash compilation.","[Bug] InternalError: non-normalized expression R.memory.kill_tensor(metadata[""relax.expr.Constant""][0]",2024-09-05T13:56:56Z,https://github.com/apache/tvm/issues/17340
17341,apache/tvm,v0.17.0,CWE-617: Reachable Assertion,Invariant Violations,"The Relax FuseTIR transform pass assumes the extracted TIR PrimFunc body is always a tir::BlockRealizeNode and enforces this via a hard CHECK. Crafted or malformed IR can violate this invariant, triggering the assertion and crashing the compiler (denial of service).",[Bug] Check failed: (prim_func->body->IsInstance<tir::BlockRealizeNode>()) is false,2024-09-05T14:02:37Z,https://github.com/apache/tvm/issues/17341
17348,apache/tvm,v0.17.0,CWE-754: Improper Check for Unusual or Exceptional Conditions,Invariant Violations,"Executing a Relax IR program containing a branch triggers a segmentation fault in the Relax VM runtime, indicating missing/incorrect runtime checks or state management for control-flow paths, allowing a crafted IR to crash inference (availability impact).",[Bug] [Relax] Segmentation fault when executeing inference for the IR with branch in the runtime,2024-09-09T01:43:42Z,https://github.com/apache/tvm/issues/17348
17357,apache/tvm,v0.17.0,CWE-754: Improper Check for Unusual or Exceptional Conditions,IR Transformation Errors,"A particular sequence of Relax IR transforms/pass-pipeline steps can produce a module that references a PackedFunc that is not generated or registered during codegen integration, leading to a missing-function lookup and a crash (denial of compilation/inference availability) when the module is built or executed.",[Bug] Missing PackedFunc with Specific Transformation Sequence in Relax Module,2024-09-10T06:38:49Z,https://github.com/apache/tvm/issues/17357
17370,apache/tvm,v0.17.0,CWE-20: Improper Input Validation,Tensor Mapping Defects,"A miswritten/invalid tensor shape in Relax combined with `R.astype` is not properly checked in the frontend/IR construction path, leading to inconsistent internal shape/type state that later triggers a segmentation fault and potential memory corruption (indicative of out-of-bounds memory access).",[Bug] Unexpected Segmentation Fault with Relax R.astype When Tensor Shape is Miswritten,2024-09-13T05:14:43Z,https://github.com/apache/tvm/issues/17370
17386,apache/tvm,v0.17.0,CWE-617: Reachable Assertion,Invariant Violations,"During TIR lowering/LowerIntrin to LLVM, the code generator assumes an internal invariant (e.g., an expression range minimum must be zero) and enforces it with a hard CHECK. A crafted or malformed IR/model can violate this assumption, triggering an InternalError assertion and crashing compilation instead of gracefully validating/handling the case.",[Bug] [CodeGen] InternalError: Check failed: (is_zero(op->min)) is false during CodeGen,2024-09-19T00:48:00Z,https://github.com/apache/tvm/issues/17386
17388,apache/tvm,v0.17.0,CWE-617: Reachable Assertion,Invariant Violations,"During TIR optimization/lowering (LowerIntrin, involving arithmetic/bound analysis), the pass produces mismatched bookkeeping for `additional_info` (expected `new_size`), triggering the reachable assertion `additional_info.size() == new_size` and crashing compilation on certain inputs/models.",[Bug] [tir] tir.LowerIntrin check failed additional_info.size() == new_size (34 vs. 33),2024-09-19T01:06:36Z,https://github.com/apache/tvm/issues/17388
17389,apache/tvm,v0.17.0,CWE-754: Improper Check for Unusual or Exceptional Conditions,IR Transformation Errors,"A nested-function pattern transformed by Relax LambdaLift leads to inconsistent VM register assignment/renumbering, so the subsequent VM bytecode generation or execution references a register index beyond the allocated register file, triggering an InternalError (register index out of bounds) and crashing compilation/execution.",[Bug] InternalError: Register Index Out of Bounds After LambdaLift Transformation with Nested Function in Relax VM Execution,2024-09-19T06:13:40Z,https://github.com/apache/tvm/issues/17389
17390,apache/tvm,v0.17.0,CWE-20: Improper Input Validation,Tensor Mapping Defects,"Relax VM execution can evaluate dynamic shapes to invalid (negative) dimensions, leading to runtime failures such as Python-side ValueError and native floating-point exceptions/core dumps. A crafted model/program with adversarial shape computations can trigger crashes and flaky execution, degrading availability.","[Bug] Flaky Behavior in Relax VM Execution: ""ValueError: negative dimensions are not allowed"" and ""Floating point exception (core dumped)""",2024-09-19T07:03:28Z,https://github.com/apache/tvm/issues/17390
17439,apache/tvm,v0.17.0,Incorrect Preservation of Model Semantics,IR Transformation Errors,"The ThreadStorageSync pass is applied before MergeSharedMemory, so later shared-memory merging can invalidate or bypass required synchronization/barrier insertion. This can introduce race conditions on GPU shared memory, leading to nondeterministic or inconsistent inference results without an explicit compilation failure.",[Bug] ThreadStorageSync Pass must be put after MergeSharedMemory Pass,2024-10-04T17:05:38Z,https://github.com/apache/tvm/issues/17439
17460,apache/tvm,v0.17.0,CWE-476: NULL Pointer Dereference,Memory Management Defects,"A crafted or malformed Relax IR module can drive the PartitionTransformParams transformation into an unexpected state where it dereferences a null or otherwise invalid internal object (e.g., missing/invalid bindings or attributes), causing a segmentation fault and compiler crash during the IR optimization pass.",[Bug] Segmentation Fault in PartitionTransformParams Pass with Relax IR,2024-10-11T05:00:57Z,https://github.com/apache/tvm/issues/17460
17479,apache/tvm,v0.18.0,CWE-754: Improper Check for Unusual or Exceptional Conditions,IR Transformation Errors,"A crafted or edge-case Relax IRModule triggers InlinePrivateFunctions() (or related Relax transform passes) to leave the module in an inconsistent state (e.g., invalid function visibility/ordering or missing/incorrect references), causing the compiler pipeline to fail during build, resulting in a crash/availability loss.",[Bug] Inconsistency Module Structure in Relax Transform and Build Failure with InlinePrivateFunctions(),2024-10-21T12:36:46Z,https://github.com/apache/tvm/issues/17479
17488,apache/tvm,v0.18.0,CWE-617: Reachable Assertion,Invariant Violations,"The StaticPlanBlockMemory optimization pass can reach an inconsistent block stack state (block_stack_ becomes empty) while traversing/transforming Relax IR containing Dataflow constructs, triggering a reachable internal check failure and crashing compilation.",[Bug] InternalError: Check failed: (!block_stack_.empty()) is false in StaticPlanBlockMemory with Dataflow,2024-10-24T11:14:49Z,https://github.com/apache/tvm/issues/17488
17493,apache/tvm,v0.18.0,CWE-617: Reachable Assertion,Invariant Violations,"Relax VM shape lowering references a Var (mis) that is not defined in the function, leading to a failed internal CHECK (it != slot_map_.end()) and an InternalError crash when lowering expressions like m * n.",[Bug] InternalError: Check failed: (it != slot_map_.end()) is false: Var mis not defined in the function but is referenced by m * n during VM Shape Lowering,2024-10-27T14:25:11Z,https://github.com/apache/tvm/issues/17493
17494,apache/tvm,v0.18.0,CWE-617: Reachable Assertion,Invariant Violations,"During Relax -> VM shape lowering, the compiler can reach an inconsistent module/shape-expression state where a required PrimExpr value (e.g., symbol m) has not been computed, triggering an InternalError assertion (`Check failed: (!require_value_computed)`) and crashing the build instead of gracefully rejecting or recovering from the malformed/unexpected IR.",[Bug] Inconsistent module structure and InternalError: Check failed: (!require_value_computed) is false: PrimExpr m is not computed,2024-10-27T14:34:35Z,https://github.com/apache/tvm/issues/17494
17531,apache/tvm,v0.18.0,CWE-754: Improper Check for Unusual or Exceptional Conditions,Tensor Mapping Defects,"Applying `dlight.gpu.GeneralReduction` to `R.nn.group_norm` with dynamic shapes combined with `R.reshape` triggers a schedule-lowering/TIR-generation failure, causing the build to crash instead of gracefully rejecting or handling the unusual shape/reshape pattern.",[Bug] [Relax] Build fails when applying `dlight.gpu.GeneralReduction` to `R.nn.group_norm` with dynamic shapes and `R.reshape`,2024-11-14T09:19:20Z,https://github.com/apache/tvm/issues/17531
17546,apache/tvm,v0.18.0,Improper Control of Compilation Availability,Memory Management Defects,"Importing the Torchvision ConvNeXt model (PyTorch -> Relay) triggers excessive constant materialization/serialization during lowering, producing an engine artifact >3GB and leading to a core dump. This indicates missing safeguards/limits and inefficient constant handling that allows adversarial or simply large models to exhaust memory/disk and crash the compiler/runtime.",[Bug] Torchvision convnext Core Dump and the engine file larger than 3GB,2024-11-28T10:50:42Z,https://github.com/apache/tvm/issues/17546
17561,apache/tvm,v0.18.0,Improper Control of Compilation Availability,IR Transformation Errors,"The tir.UnrollLoop transform in TVM v0.18.0 can allocate memory without an effective bound when unrolling loops, allowing crafted or adversarial TIR/models with large or non-constant unroll factors to trigger excessive memory usage during compilation, leading to resource exhaustion and potential compiler crash.",[Bug] v0.18.0 tir.UnrollLoop uses unbounded memory during compilation,2024-12-16T23:23:48Z,https://github.com/apache/tvm/issues/17561
17589,apache/tvm,v0.18.0,Improper Control of Compilation Availability,Invariant Violations,"A crafted or edge-case TIR produced after tir.Simplify triggers a segmentation fault during subsequent lowering/LLVM codegen, indicating missing validation/robust handling of unusual IR states and leading to a compiler crash (availability impact).",[Bug][CodeGen] V 0.18.0 compilation after tir.Simplify causes Segmentation Faults,2025-01-13T23:09:24Z,https://github.com/apache/tvm/issues/17589
17590,apache/tvm,v0.18.0,Improper Control of Compilation Availability,Memory Management Defects,"A TIR produced/modified by tir.InjectSoftwarePipeline triggers a segmentation fault in the subsequent lowering/codegen pipeline, indicating missing validation/robust handling of transformed IR (e.g., unexpected node shape or absent fields) leading to a crash and loss of compilation availability.",[Bug][CodeGen] V 0.18.0 compilation after tir.InjectSoftwarePipeline causes Segmentation Fault,2025-01-13T23:11:34Z,https://github.com/apache/tvm/issues/17590
17647,apache/tvm,v0.19.0,CWE-617: Reachable Assertion,Invariant Violations,"During Relax IR transformation/type-struct inference, UpdateStructInfo is invoked on an expression that already has StructInfo attached, violating the pass invariant and hitting an InternalError check (`!expr->struct_info_.defined()`), allowing a crafted/edge-case IR to crash compilation (denial of service).","[Bug] InternalError: Check failed: (!expr->struct_info_.defined()) is false: To ensure idempotency, the expression passed to UpdateStructInfo must not have any prior StructInfo.  However, expression # from tvm.script import tir as T @T.prim_func(private=True)",2025-02-13T07:55:59Z,https://github.com/apache/tvm/issues/17647
17715,apache/tvm,v0.19.0,CWE-754: Improper Check for Unusual or Exceptional Conditions,Invariant Violations,"The report indicates a runtime crash triggered during operator execution or shape-constraint checking when running the Phi-4 mini instruct model, implying missing/insufficient validation and error handling for unusual tensor shapes/constraints that can be exercised by a crafted model/input, leading to denial of service and inconsistent inference behavior.",[Bug] Inference - Phi-4 mini instruct,2025-03-07T02:22:04Z,https://github.com/apache/tvm/issues/17715
17744,apache/tvm,v0.19.0,CWE-617: Reachable Assertion,Numerical Computing Defects,"During TIR optimization (arith/Simplify and constant folding), the compiler encounters a value that exceeds the representable range for float16 and triggers an internal check failure (value <= support::kMaxFloat16), causing an InternalError crash instead of gracefully handling/clamping/rejecting the input.",[Bug] TVM cannot build the model correctly: InternalError: Check failed: value <= support::kMaxFloat16,2025-03-13T02:48:18Z,https://github.com/apache/tvm/issues/17744
17745,apache/tvm,v0.19.0,CWE-617: Reachable Assertion,Numerical Computing Defects,"During IR optimization (arith constant folding / Relax-TIR transforms), the compiler attempts to fold a division where the divisor is zero, triggering an internal check failure (pb->value != 0) and crashing compilation instead of handling or deferring the operation safely. A crafted ONNX model can induce this divide-by-zero to cause a denial-of-service via compiler crash.",[Bug] Constant folding cannot process onnx model correctly: InternalError: Check failed: pb->value != 0 (0 vs. 0) : Divide by zero,2025-03-13T05:35:19Z,https://github.com/apache/tvm/issues/17745
17768,apache/tvm,v0.19.0,CWE-617: Reachable Assertion,Tensor Mapping Defects,"During Relax LegalizeOps lowering to TOPI/TIR, the compiler generates or forwards invalid slice begin/end/stride combinations (e.g., begin/end inconsistent with stride sign), triggering an internal assertion in the slice/strided-slice implementation: `Check failed: (strides[i] < 0 ? (end_i <= begin_i) : (begin_i <= end_i))`. A crafted model/IR can reliably crash compilation (denial of service) instead of being rejected gracefully.",[Bug] LegalizeOps failed: InternalError: Check failed: (strides[i] < 0 ? (end_i <= begin_i) : (begin_i <= end_i)) is false,2025-03-21T05:49:40Z,https://github.com/apache/tvm/issues/17768
17770,apache/tvm,v0.19.0,CWE-617: Reachable Assertion,Tensor Mapping Defects,"A crafted or unusual ONNX model containing a Slice operator triggers a Relax struct-info inference/normalization path that assumes the input has TensorStructInfo; the assumption is enforced via a reachable internal CHECK (IsBaseOf(...)) which fails, causing TVMError and aborting import/compilation instead of gracefully rejecting or handling the case.","[Bug] [FRONTEND][ONNX] Error converting operator Slice: TVMError: Check failed: (IsBaseOf(relax::TensorStructInfo(DataType::Void(), kUnknownNDim), GetStructInfo(data))) is false",2025-03-21T07:17:17Z,https://github.com/apache/tvm/issues/17770
17798,apache/tvm,v0.19.0,Improper Control of Compilation Availability,Memory Management Defects,"During IR verification (VerifyStream::Verify in TIR well-formedness checking), the verifier dereferences an invalid pointer without sufficient validity/null checks, allowing a crafted or malformed TIR module to trigger a crash and impact compilation availability.",[Bug] VerifyStream::Verify causes dereferencing an invalid pointer,2025-04-01T14:31:51Z,https://github.com/apache/tvm/issues/17798
17854,apache/tvm,v0.19.0,CWE-617: Reachable Assertion,Invariant Violations,"During TIR-to-CUDA code generation (NVCC path), TVM hits an InternalError assertion `entry->context_stack.top().same_as(*this)` indicating mismatched push/pop or incorrect handling of the target/context stack. A crafted or simply incompatible ONNX model/compilation configuration can trigger this invariant failure, causing a deterministic compiler crash and loss of compilation availability.",[Bug] [CUDA] TVM failes to compile onnx model with cuda 11.8: InternalError: Check failed: (entry->context_stack.top().same_as(*this)) is false:,2025-04-18T06:36:46Z,https://github.com/apache/tvm/issues/17854
17870,apache/tvm,v0.20.0,CWE-754: Improper Check for Unusual or Exceptional Conditions,IR Transformation Errors,"The MakePackedAPI pass performs an incorrect TIR rewrite (interacting with FP8StorageLegalize), producing malformed/invalid TIR during lowering. This can be triggered by crafted TIR/models that exercise the affected pattern, causing the compiler to crash during transformation/lowering and impacting compilation availability.",[Bug][TIR] Incorrect transform for the MakePackedAPI pass,2025-04-21T08:46:39Z,https://github.com/apache/tvm/issues/17870
17873,apache/tvm,v0.20.0,CWE-617: Reachable Assertion,IR Transformation Errors,"In the DefaultGPUSchedule (CUDA) TIR scheduling/lowering pass, the scheduler attempts to add loops above the root block, violating the schedule IR invariant that an sref must have a non-null parent. This triggers a reachable internal check failure (ValueError) on a valid model, causing a compilation crash and enabling denial-of-service via crafted/triggering models.",[Bug] [CUDA] DefaultGPUSchedule pass failed on valid model: ValueError: Check failed: (sref->parent != nullptr) is false: Cannot add loops on top of the root block,2025-04-22T06:10:07Z,https://github.com/apache/tvm/issues/17873
17876,apache/tvm,v0.20.0,CWE-617: Reachable Assertion,Invariant Violations,"During the default Relax compilation pipeline at opt_level=1, the VMShapeLower pass triggers an InternalError due to a failed invariant check `(slot->value_computed) is false`, causing a deterministic compiler crash (denial of compilation) on certain inputs/configurations.",[Bug] TVM crashes with default relax pipeline when opt_level=1: InternalError: Check failed: (slot->value_computed) is false,2025-04-22T07:10:06Z,https://github.com/apache/tvm/issues/17876
17877,apache/tvm,v0.20.0,CWE-248: Uncaught Exception,Tensor Mapping Defects,"During ONNX->Relax import of the FastGelu op, the frontend code assumes a bias input is present; when bias is omitted, a code path leaves local variable `x` unset and later referenced, triggering an UnboundLocalError and crashing the import/IR construction.",[Bug] [FRONTEND][ONNX] fails to import FastGelu when bias does not set: UnboundLocalError: cannot access local variable 'x' where it is not associated with a value,2025-04-22T07:40:14Z,https://github.com/apache/tvm/issues/17877
17881,apache/tvm,v0.20.0,CWE-682: Incorrect Calculation,Numerical Computing Defects,"The PyTorch->Relax LegalizeOps path implements the % (mod) operator with behavior that does not match PyTorch semantics (e.g., sign/rounding rules for negative operands or dtype-specific modulo behavior), causing compiled inference results to differ from the original model without necessarily crashing.",[Bug] [FRONTEND][PYTORCH] Incorrect % (mod) Behavior,2025-04-23T06:18:33Z,https://github.com/apache/tvm/issues/17881
17916,apache/tvm,v0.20.0,Improper Control of Compilation Availability,Backend Inconsistencies,"TVM v0.20.0 crashes during LLVM backend object emission/linking on a RISC-V (BANAN Pi) target with LLVM 20.1.4, indicating insufficient handling/validation of target-specific LLVM codegen/emission conditions leading to a compilation-time failure (availability impact).","[Bug] BANAN Pi, RISC-V LLVM Error with TVM 0.20, LLVM 20.1.4",2025-05-02T16:22:27Z,https://github.com/apache/tvm/issues/17916
17934,apache/tvm,v0.20.0,CWE-248: Uncaught Exception,Others,"During MetaSchedule auto-tuning schedule generation, the parallel_for_dynamic strategy can trigger a ScheduleError that is not properly handled/rendered, leading to a crash and loss of compilation/tuning availability when presented with certain (potentially adversarial) workloads or schedules.",[Bug] [MetaSchedule] parallel_for_dynamic error with ScheduleError: (not rendered),2025-05-09T10:27:22Z,https://github.com/apache/tvm/issues/17934
17935,apache/tvm,v0.20.0,CWE-682: Incorrect Calculation,Numerical Computing Defects,"Auto-tuning/schedule generation in MetaSchedule produces an optimized TIR for log_softmax that yields significantly different outputs from the reference implementation, indicating a semantic/numerical equivalence violation (e.g., due to unsafe reordering/approximation/precision changes) rather than a controlled, bounded numerical deviation.",[Bug]  MetaSchedule lead to a significant difference in the reference results for the log_softmax operator,2025-05-09T11:04:56Z,https://github.com/apache/tvm/issues/17935
17936,apache/tvm,v0.20.0,CWE-617: Reachable Assertion,Invariant Violations,"A crafted/edge-case TIR program triggers an InternalError assertion (`Check failed: (eval_vec_) is false`) during CompactBufferAllocation/CompactBufferRegion when arith::IntSet evaluation hits an unexpected state, causing the compiler to abort instead of handling the condition gracefully.",[Bug] InternalError: Check failed: (eval_vec_) is false,2025-05-09T12:23:13Z,https://github.com/apache/tvm/issues/17936
17937,apache/tvm,v0.20.0,CWE-617: Reachable Assertion,Tensor Mapping Defects,"A TIR optimization/transform pass can construct or propagate an expression whose dtype differs from the target variable dtype, and the compiler relies on an internal invariant (ret_ex.dtype() == var.dtype()) enforced via a fatal check. With a crafted/edge-case IR/model triggering this mismatch, TVM aborts with an InternalError instead of handling the exceptional condition gracefully, causing a compilation-time crash (availability impact).",[Bug] InternalError: Check failed: (ret_ex.dtype() == var.dtype()) is false,2025-05-09T13:27:42Z,https://github.com/apache/tvm/issues/17937
17938,apache/tvm,v0.20.0,CWE-617: Reachable Assertion,Numerical Computing Defects,"During TE->TIR lowering, the arith simplification/constant folding pass evaluates a division where the denominator becomes zero and triggers an internal check (pb->value != 0), causing an InternalError crash instead of handling the exceptional condition safely (e.g., skipping fold or emitting defined IR behavior).",[Bug] InternalError: Check failed: pb->value != 0 (0 vs. 0) : Divide by zero,2025-05-09T13:55:35Z,https://github.com/apache/tvm/issues/17938
17941,apache/tvm,v0.20.0,Improper Control of Compilation Availability,Memory Management Defects,"The TOPI/frontend shape inference path can trigger extremely large tensor shape/materialization (e.g., via adversarial or malformed shapes), leading to unbounded allocations and a std::bad_alloc crash, enabling denial-of-service through resource exhaustion.",[Bug] tvm._ffi.base.TVMError: std: :bad_alloc,2025-05-09T15:54:54Z,https://github.com/apache/tvm/issues/17941
17947,apache/tvm,v0.20.0,Incorrect Preservation of Model Semantics,IR Transformation Errors,"MetaSchedule-generated TIR schedules can alter the intended computation (e.g., due to incorrect transformation/rewrite assumptions or missing correctness constraints), leading to inconsistent inference outputs compared to the original model without an explicit crash.",[Bug] Meta schedule produce inconsistant inference results,2025-05-11T04:34:37Z,https://github.com/apache/tvm/issues/17947
17948,apache/tvm,v0.20.0,CWE-754: Improper Check for Unusual or Exceptional Conditions,Invariant Violations,"Meta-schedule TIR analysis/cost-model feature extraction (FLOP estimation) lacks a default/handler for the tir.While node, causing an InternalError when a model/program contains a While loop and leading to a compilation-time crash (availability impact).",[Bug] InternalError: Do not have a default for tir.While,2025-05-11T10:31:52Z,https://github.com/apache/tvm/issues/17948
17949,apache/tvm,v0.20.0,Incorrect Preservation of Model Semantics,Backend Inconsistencies,"The generated code for tensordot can produce different outputs across repeated executions with identical inputs, indicating a semantic mismatch likely caused by incorrect scheduling/codegen (e.g., uninitialized buffers, race conditions in parallel reduction, or missing synchronization) that makes inference results inconsistent without an explicit crash.",[Bug] tensordot produce inconsistency inference results when execuing twice under the same inputs,2025-05-11T10:47:43Z,https://github.com/apache/tvm/issues/17949
17960,apache/tvm,v0.20.0,CWE-754: Improper Check for Unusual or Exceptional Conditions,Invariant Violations,"During TIR analysis for MetaSchedule pre-tuning, the feature extraction/cost modeling path encounters a tir.While node but lacks a default handler/visitor case, triggering a TVMError and crashing compilation instead of gracefully rejecting or handling the construct.",[Bug][MetaSchedule] TVMError: Do not have a default for tir.While,2025-05-12T15:43:45Z,https://github.com/apache/tvm/issues/17960
17963,apache/tvm,v0.20.0,CWE-754: Improper Check for Unusual or Exceptional Conditions,Backend Inconsistencies,"The CUDA backend emits or references the hyperbolic sine half-precision intrinsic/function name ""hsinh"" without providing a valid definition or mapping to a supported CUDA device function, causing NVCC compilation/link failure and resulting in a build-time crash/denial of compilation for models that trigger this op.","[Bug] [CUDA] ""hsinh"" is undefined when the target is CUDA",2025-05-13T01:39:38Z,https://github.com/apache/tvm/issues/17963
17964,apache/tvm,v0.20.0,CWE-617: Reachable Assertion,Tensor Mapping Defects,"During Relax LegalizeOps lowering (emit_te), TVM asserts that input Tensors must have ShapeExpr shapes. A valid ONNX-derived model can produce a Tensor with a different shape representation, triggering an AssertionError and crashing compilation, indicating missing handling/validation for this legitimate case.",[Bug] LegalizeOps fails on valid onnx model: AssertionError: emit_te now only supports Tensor that has ShapeExpr shape,2025-05-13T02:02:49Z,https://github.com/apache/tvm/issues/17964
17965,apache/tvm,v0.20.0,CWE-682: Incorrect Calculation,Backend Inconsistencies,"The report indicates inconsistent inference results between CPU and CUDA targets, implying a defect in TIR legalization and/or GPU scheduling/code generation that changes computation semantics (e.g., differing precision, reduction/ordering, or incorrect GPU-specific transformation) rather than preserving the model’s intended behavior across targets.",[Bug] inconsistent results for the CPU and CUDA targets.,2025-05-13T02:38:16Z,https://github.com/apache/tvm/issues/17965
17966,apache/tvm,v0.20.0,CWE-617: Reachable Assertion,Memory Management Defects,"The ONNX frontend’s LayerNormalization importer/normalization pass constructs or encounters an undefined (null) IR node and then traverses it without proper validation, triggering an internal check failure ('Found null pointer node while traversing AST') and crashing compilation.",[Bug] [FRONTEND][ONNX] Error converting operator LayerNormalization: tvm.error.InternalError: Check failed: (n.defined()) is false: Found null pointer node while traversing AST.,2025-05-13T02:55:03Z,https://github.com/apache/tvm/issues/17966
17977,apache/tvm,v0.20.0,CWE-682: Incorrect Calculation,Numerical Computing Defects,"MetaSchedule’s TIR integration applies auto-tuned schedules/transformations for the LayerNorm operator that alter numerical precision/accumulation behavior (e.g., different dtype usage or reduction order), leading to measurable precision loss and inconsistent inference results compared to the unscheduled/reference implementation.",[Bug] MetaSchedule Causes Precision Loss in LayerNorm Operator,2025-05-14T13:04:35Z,https://github.com/apache/tvm/issues/17977
17987,apache/tvm,v0.20.0,Incorrect Preservation of Model Semantics,Tensor Mapping Defects,"A valid ONNX model combining GELU, Interpolate, and InstanceNorm2d produces outputs in TVM that differ from ONNXRuntime, indicating a defect in Relay optimization and/or operator lowering (codegen) that changes numerical semantics (e.g., incorrect handling of interpolation attributes, normalization parameters, or GELU approximation/precision), leading to inconsistent inference results without an explicit failure.",[Bug] Output mismatch with ONNXRuntime for valid model using GELU + Interpolate + InstanceNorm2d,2025-05-19T05:48:18Z,https://github.com/apache/tvm/issues/17987
17991,apache/tvm,v0.20.0,CWE-754: Improper Check for Unusual or Exceptional Conditions,Tensor Mapping Defects,"The ONNX frontend conversion for BitwiseNot misinterprets the operator as taking two inputs instead of one, leading to an invalid argument access/arity mismatch during import and a crash when processing a crafted ONNX model using BitwiseNot.",[Bug] [FRONTEND][ONNX] The onnx frontend incorrectly recognized two arguments for BitwiseNot operator that only has one arguement,2025-05-19T08:24:25Z,https://github.com/apache/tvm/issues/17991
17994,apache/tvm,v0.20.0,CWE-754: Improper Check for Unusual or Exceptional Conditions,Invariant Violations,"PerStoreFeature’s feature extraction assumes loop extents are positive/non-zero; when given a zero-extent loop, the analysis hits an unhandled exceptional condition (e.g., invalid arithmetic/assumptions in loop/region computations), causing a crash during auto-tuning and impairing compilation availability.",[Bug] MetaSchedule PerStoreFeature crashes when processing zero-extent loops,2025-05-20T05:57:09Z,https://github.com/apache/tvm/issues/17994
17997,apache/tvm,v0.20.0,Incorrect Preservation of Model Semantics,IR Transformation Errors,"Auto-tuning/meta-schedule (TIR scheduling and/or codegen) introduces an incorrect transformation for the conv2d_hwcn operator, leading to inference result inconsistencies between the original and scheduled/compiled program without an explicit failure.",[Bug] Inconcistency after meta schedule for the conv2d_hwcn operator,2025-05-20T06:33:43Z,https://github.com/apache/tvm/issues/17997
17998,apache/tvm,v0.20.0,Incorrect Preservation of Model Semantics,IR Transformation Errors,"A specific Relay optimization/legalization/fusion pattern involving InstanceNorm2d followed by Reciprocal and then Conv2d produces numerically different results compared to the reference (ONNXRuntime), indicating the compiled graph is not semantically equivalent to the original model despite successful compilation and execution.",[Bug] InstanceNorm2d -> Reciprocal -> Conv2d causing mismatch between tvm and ONNXRuntime,2025-05-20T08:50:12Z,https://github.com/apache/tvm/issues/17998
17999,apache/tvm,v0.20.0,CWE-682: Incorrect Calculation,Numerical Computing Defects,"During Relay/ONNX HardSigmoid operator legalization to TE/TIR, the implementation clamps the computed value using min/max in a way that maps NaN inputs to 1.0 instead of propagating NaN (as ONNX Runtime does). This breaks semantic equivalence between the original ONNX model and the compiled TVM model, causing inference result inconsistencies on NaN-containing inputs.",[Bug] HardSigmoid returns 1.0 for NaN input (ONNX model mismatch with ORT),2025-05-20T10:57:00Z,https://github.com/apache/tvm/issues/17999
18002,apache/tvm,v0.20.0,CWE-617: Reachable Assertion,Tensor Mapping Defects,"Relax LegalizeOps crashes with an InternalError assertion (shape.size() == indices.size()) when legalizing a valid ONNX LayerNormalization, indicating missing/incorrect validation and handling of required indices/axis metadata during lowering, leading to a compiler crash (availability impact) on crafted but valid models.",[Bug] LegalizeOps fails to process  LayerNormalization of valid onnx model: tvm.error.InternalError: Check failed: shape.size() == indices.size() (1 vs. 0),2025-05-21T02:18:58Z,https://github.com/apache/tvm/issues/18002
18004,apache/tvm,v0.20.0,CWE-20: Improper Input Validation,Invariant Violations,"The Relax VM/FFI entrypoint for invoke_stateful can be reached with an invalid or uninitialized state/handle (e.g., null or dangling object), and the runtime dereferences it without proper checks, leading to a segmentation fault and denial of service.",[Bug] TVM FFI encountered a Segfault when calling the invoke_stateful function,2025-05-21T02:52:51Z,https://github.com/apache/tvm/issues/18004
18018,apache/tvm,v0.20.0,Improper Control of Compilation Availability,IR Transformation Errors,"The meta_schedule tutorial triggers a failure during TIR transformation/scheduling in the post-processing pass sequence (RewriteReduction -> InjectSoftwarePipeline), causing the compiler to crash and preventing successful compilation (availability impact) when given a particular generated schedule/model.",[Bug][meta_schedule] Tutorial `e2e_opt_model.py` fails,2025-05-26T15:56:19Z,https://github.com/apache/tvm/issues/18018
18030,apache/tvm,v0.20.0,CWE-754: Improper Check for Unusual or Exceptional Conditions,Tensor Mapping Defects,"The ONNX-to-Relax importer/shape inference rejects a valid ONNX model by failing to apply ONNX broadcasting rules for the Less operator, causing a conversion failure/crash and enabling a crafted but valid model to trigger a denial-of-service in compilation.",[Bug] [FRONTEND][ONNX] fails to convert a valid onnx model since the Less operator cannot broadcast for valid inputs,2025-06-02T13:17:45Z,https://github.com/apache/tvm/issues/18030
18032,apache/tvm,v0.20.0,CWE-617: Reachable Assertion,Tensor Mapping Defects,"A valid ONNX model using the DepthToSpace operator triggers an internal TVM frontend assertion because the importer constructs/rewrites an expression without running the required normalization/type/struct_info inference pass, leaving expr->struct_info_ undefined and causing a crash (denial of compilation availability).","[Bug] [FRONTEND][ONNX] fails to convert a valid onnx model due to the wrong process of DepthToSpace operator: Check failed: (expr->struct_info_.defined()) is false: The struct_info is not populated, check if you have normalized the expr",2025-06-02T13:34:28Z,https://github.com/apache/tvm/issues/18032
18099,apache/tvm,v0.20.0,CWE-20: Improper Input Validation,Tensor Mapping Defects,"The GraphExecutor/library module invocation path does not robustly detect and reject mismatched tensor dtypes (e.g., expected vs provided), allowing a crafted model or runtime input with inconsistent dtype metadata to reach low-level execution and trigger a crash instead of a controlled error.",[Bug] Runtime crash due to dtype mismatch,2025-06-28T16:10:55Z,https://github.com/apache/tvm/issues/18099
18108,apache/tvm,v0.20.0,CWE-754: Improper Check for Unusual or Exceptional Conditions,Backend Inconsistencies,"When invoking direct function calls through the TVM VM over RPC, the runtime’s FFI argument marshalling and/or builtin dispatch path mishandles the call (e.g., unsupported/incorrectly encoded argument types or missing checks), leading to a reachable crash and loss of availability triggered by a crafted remote invocation.",[Bug] Direct function calls fail when using VM over RPC,2025-07-03T04:05:06Z,https://github.com/apache/tvm/issues/18108
18132,apache/tvm,v0.20.0,CWE-617: Reachable Assertion,Memory Management Defects,"During VM execution, the runtime storage allocator computes an allocation offset/size that exceeds the backing buffer capacity, triggering an internal bounds assertion `(offset + needed_size <= buffer.size)` and crashing instead of safely handling the exceptional condition (e.g., reallocating, rejecting the program, or returning a recoverable error).",[Bug] InternalError: Check failed: (offset + needed_size <= this->buffer.size) is false: storage allocation failure,2025-07-11T08:18:20Z,https://github.com/apache/tvm/issues/18132
18135,apache/tvm,v0.20.0,CWE-617: Reachable Assertion,Tensor Mapping Defects,"When importing ONNX CumSum with reverse=1, the Relax frontend/BlockBuilder emits a TE call where the resulting expression is not normalized and its struct_info is left unpopulated. A subsequent internal check/assertion fails (""(ptr) is false: The struct_info is not populated""), causing a compiler crash and denying compilation availability for crafted models using this attribute.","[Bug] Error converting operator CumSum when 'reverse=1': (ptr) is false: The struct_info is not populated, check if you have normalized the expr",2025-07-11T13:24:57Z,https://github.com/apache/tvm/issues/18135
18157,apache/tvm,v0.21.0,Improper Control of Compilation Availability,Others,"The meta-schedule builder’s PopenPoolExecutor can deadlock during garbage collection/finalization due to unsafe cleanup and synchronization between the executor, worker processes, and GC-triggered destructors, allowing crafted workloads/models to trigger hangs and resource exhaustion (stuck processes).",[Bug] Deadlock in PopenPoolExecutor During Garbage Collection,2025-07-20T05:41:19Z,https://github.com/apache/tvm/issues/18157
18268,apache/tvm,v0.21.0,CWE-20: Improper Input Validation,Invariant Violations,"The runtime allows instantiating an abstract/invalid `SearchStrategy()` and passing it into `TuneContext`, leading to a null/invalid C++ object handle being dereferenced during meta-schedule setup, causing a segmentation fault instead of a handled error.",[Bug] Segfault when instantiating abstract `SearchStrategy()` in `TuneContext`,2025-09-04T12:10:09Z,https://github.com/apache/tvm/issues/18268
18315,apache/tvm,v0.21.0,CWE-704: Incorrect Type Conversion or Cast,Tensor Mapping Defects,"At Relax VM entry, a scalar (0-D) `bool` tensor imported from PyTorch via DLPack is mis-typed (dtype metadata not preserved/translated correctly), causing the runtime dtype validation to fail and crash instead of correctly accepting/converting the input or gracefully rejecting it. This is triggerable by a crafted DLPack input and impacts inference availability.",[Bug] [Relax][DLPack] 0-D `bool` from PyTorch via DLPack mis-typed at VM entry â†â€?dtype check failure,2025-09-15T07:20:35Z,https://github.com/apache/tvm/issues/18315
18316,apache/tvm,v0.21.0,Improper Control of Compilation Availability,Backend Inconsistencies,"Importing TVM after other Python packages (e.g., PyTorch/Transformers) can trigger a segfault during TVM’s FFI/LLVM shared-library initialization, in LLVM’s COFFDirectiveParser/OptTable static init path (OptTable::buildPrefixChars). The crash is caused by fragile global/static initialization and loader-order assumptions rather than robust, isolated initialization, allowing a crafted import/load sequence to reliably deny service (process crash).",[Bug] [Crash][FFI/LLVM] Segfault when importing TVM after PyTorch/Transformers â€â€?LLVM static init in `COFFDirectiveParser` (`OptTable::buildPrefixChars`),2025-09-15T07:52:56Z,https://github.com/apache/tvm/issues/18316
18337,apache/tvm,v0.21.0,CWE-476: NULL Pointer Dereference,Memory Management Defects,"The Relax frontend importer (from_exported_program) assumes all tuple elements are valid Tensor/Expr nodes; when the model returns a tuple containing None, the translator fails to validate/represent the None value and later dereferences a null/invalid pointer, causing a segfault during Torch export -> Relax IR translation.","[Bug][Relax][Torch] Segfault in from_exported_program when model returns (Tensor, None) tuple",2025-09-23T08:37:47Z,https://github.com/apache/tvm/issues/18337
18350,apache/tvm,v0.21.0,CWE-20: Improper Input Validation,Invariant Violations,"During TIR lowering for the CUDA backend, the compiler can reach a crash path (e.g., ""Did you forget to bind?"") when schedules omit required thread/block bindings or when memory-scope assignment assumes bindings exist. The pipeline fails to robustly detect and handle this malformed/adversarial TIR prior to later verification (e.g., VerifyMemory), leading to a compilation-time crash/abort rather than a controlled diagnostic.",[Bug] Did you forget to bind? for cuda backend.,2025-09-28T10:34:36Z,https://github.com/apache/tvm/issues/18350
18355,apache/tvm,v0.21.0,CWE-476: NULL Pointer Dereference,Memory Management Defects,"During relax.frontend.torch import of a torch.export program using aten.index_put_ (batch-wise advanced indexing write), the frontend/FFI path constructs a relax::Tuple that violates object invariants (e.g., missing/NULL ObjectPtr). Subsequent Tuple access/dereference in C++ triggers a segmentation fault, allowing a crafted model to crash compilation (DoS).",[Bug][relax.frontend.torch] Segfault in relax::Tuple when importing/building a torch.export program that uses batch-wise advanced indexing write (aten.index_put_),2025-10-02T06:36:02Z,https://github.com/apache/tvm/issues/18355
18363,apache/tvm,v0.21.0,CWE-476: NULL Pointer Dereference,Memory Management Defects,"When lowering a torch.export graph containing 4D advanced-indexing write (aten.index_put_) with tuple outputs, the torch->Relax FFI path passes an invalid/empty object (e.g., null ObjectRef/Array element) into tvm::relax::Tuple::Tuple, leading to a reachable null dereference and segfault during IR construction.",[bug][relax.frontend.torch] FFI segfault in tvm::relax::Tuple::Tuple when importing torch.export graph with 4D advanced-indexing write (aten.index_put_) and tuple outputs,2025-10-08T09:28:36Z,https://github.com/apache/tvm/issues/18363
18393,apache/tvm,v0.21.0,CWE-476: NULL Pointer Dereference,Invariant Violations,"Building a TIR module with pragma_unroll_explicit=None triggers a segmentation fault during FlattenBuffer, with the stack trace pointing to StmtExprMutator::VisitExpr while visiting an AttrStmt, consistent with an unchecked null expression. A contributor clarifies that the annotation requires 1/0 or True/False; None is unsupported.",[Bug] Segfault in TVM when building TIR module with pragma_unroll_explicit annotations,2025-10-25T06:03:48Z,https://github.com/apache/tvm/issues/18393
18395,apache/tvm,v0.21.0,CWE-682: Incorrect Calculation,Backend Inconsistencies,"CUDA vectorized-cast testing produces incorrect integer outputs: 30 of 128 elements differ from NumPy results, with a maximum absolute difference of 20. The linked fix (#18398) replaces shift-based packed 8-bit vector loads/stores with explicit signed/unsigned byte access in CodeGenCUDA, indicating defective vector-element handling.",[Bug] MIsmatch of codegen precision,2025-10-25T07:33:20Z,https://github.com/apache/tvm/issues/18395
1237,openxla/xla,Before commit 5a0c283c97bc51c5e4e0300f053272ad7cf39f5f,CWE-704: Incorrect Type Conversion or Cast,Backend Inconsistencies,"The PJRT C API layer performed wrapped/unchecked downcasts between opaque C handles and underlying C++ objects. A crafted or invalid handle/type mismatch could cause type confusion and subsequent memory corruption (e.g., out-of-bounds write) leading to crashes at runtime.",Remove wrapped downcasts from PJRT C API,2023-02-11T04:28:47Z,https://github.com/openxla/xla/issues/1237
1652,openxla/xla,Before commit 0ec8fc4a4777284b1b9a8a4efa06fcd61da44df0,Improper Control of Compilation Availability,IR Transformation Errors,"The constant-folding optimization performs extremely slow evaluation/materialization for very large integer arrays (e.g., sparse-matrix-like constants), allowing a crafted model/program to trigger excessive CPU/time (and potentially memory) consumption during compilation, leading to resource exhaustion/DoS.","Very slow constant folding of very-large integer arrays, for instance when working with sparse matrices",2023-03-03T12:47:08Z,https://github.com/openxla/xla/issues/1652
2201,openxla/xla,Before commit 0c349a6ac33aaff36620326b9156f50e583c35f5,Improper Control of Compilation Availability,IR Transformation Errors,"A change adding performance modeling to the GPU fusion merger causes the optimizer/buffer assignment planning to select fusion/merge decisions that significantly increase memory usage, enabling adversarial or malformed graphs to trigger excessive memory consumption and degrade compilation/inference availability.",[XLA:GPU] Significant memory usage increase after adding performance modeling in fusion merger,2023-03-29T17:22:28Z,https://github.com/openxla/xla/issues/2201
2249,openxla/xla,Before commit 0d9a1dbc2b02a316afbae3e3c9b4083dc16b894b,CWE-754: Improper Check for Unusual or Exceptional Conditions,Backend Inconsistencies,"A change in the XLA GPU code generation/runtime path after commit 16e953a9 triggers a crash when executing on Pascal GPUs under WSL, indicating missing capability/compatibility checks (or incorrect target feature selection) for that GPU/WSL driver stack, leading to a denial-of-service via runtime crash.",JAX built against XLA crashes on Pascal GPUs in WSL after commit 16e953a921c150dcaf012299a52d771e4bb425c2,2023-03-31T16:40:57Z,https://github.com/openxla/xla/issues/2249
2438,openxla/xla,Before commit 3f88aaaaaff1e1ebe112698bfd2ac40803ffd82c,CWE-682: Incorrect Calculation,Numerical Computing Defects,"During HLO optimization (algebraic simplification/constant folding), XLA rewrites a scalar boolean * float expression into a select() form in a way that is not semantically equivalent for all inputs/edge cases, producing inconsistent inference results compared to the original computation.",XLA incorrectly optimizes scalar bool*float to select(),2023-04-10T13:14:57Z,https://github.com/openxla/xla/issues/2438
2793,openxla/xla,Before commit 1496c11685ee62940fde1d290576d49845fee8bd,CWE-754: Improper Check for Unusual or Exceptional Conditions,Invariant Violations,"A crafted TensorFlow graph can trigger XLA JIT auto-clustering to form an invalid cluster that later fails during HLO lowering/type inference, resulting in an InvalidArgument error and aborting compilation/execution (availability-impacting crash/failure due to missing validation/guardrails in the partitioning/type-inference pipeline).",Auto Clustering Leading to Invalid Argument Error,2023-05-04T04:49:19Z,https://github.com/openxla/xla/issues/2793
2800,openxla/xla,Before commit 1496c11685ee62940fde1d290576d49845fee8bd,CWE-787: Out-of-bounds Write,Memory Management Defects,"The GPU backend's Triton GEMM lowering can generate kernels that perform illegal global memory accesses (e.g., missing/incorrect boundary predicates or miscomputed tile/stride offsets), leading to out-of-bounds memory writes/reads on H100 and resulting in memory corruption and crashes.",CUDA illegal memory access on H100 from triton gemm,2023-05-04T16:14:33Z,https://github.com/openxla/xla/issues/2800
2836,openxla/xla,Before commit 6830a3d54503bacf93baf155b2af5ce0a31dd1d9,CWE-754: Improper Check for Unusual or Exceptional Conditions,Backend Inconsistencies,"During GPU/PTX code generation, XLA can generate a PTX `cvt` instruction without the required rounding modifier, producing invalid assembly that causes the PTX assembler/toolchain to fail and crash/abort compilation for affected (crafted) programs.",Rounding modifier required for instruction 'cvt',2023-05-07T01:30:05Z,https://github.com/openxla/xla/issues/2836
3524,openxla/xla,Before commit 01767b84059a293c9e2e16e57549b34e7f4664fe,CWE-20: Improper Input Validation,Invariant Violations,"During GPU/Triton lowering and launch configuration, the compiler can emit a kernel launch with grid dimensions that exceed CUDA hardware/runtime limits. A crafted model/program that induces very large tiling/grid sizes triggers a kernel launch failure and crash, indicating improper handling of exceptional launch-parameter conditions.",[CUDA] Kernel launch failure due to large Triton grid dimensions,2023-06-12T14:13:41Z,https://github.com/openxla/xla/issues/3524
4001,openxla/xla,Before commit 1385097da53a96d993386a2124175bcaba9b6153,Improper Control of Compilation Availability,Memory Management Defects,"In the multi-GPU XLA runtime path for FP8 GEMM, the scaling-factor buffer pointer is taken from the wrong device/context, causing a GPU library call to read/write using an invalid device pointer. This can lead to memory corruption and crashes during GPU execution.",Incorrect device pointer usage in multi-GPU XLA implementation for FP8 GEMM scaling factor,2023-07-03T17:50:00Z,https://github.com/openxla/xla/issues/4001
4258,openxla/xla,Before commit 087dba98e3f60d698225578803c99071529916a5,CWE-617: Reachable Assertion,Invariant Violations,"The HLO verification/validation path can be driven by an invalid XLA graph into a hard CHECK failure (`Check failed: !IsManual()`), causing an immediate crash instead of gracefully rejecting the input with a recoverable error, enabling denial-of-service via crafted IR/model.",`Check failed: !IsManual()` raised when the XLA graph is invalid,2023-07-14T16:04:44Z,https://github.com/openxla/xla/issues/4258
4340,openxla/xla,Before commit 085e44c51f5aca8aeb3725c48a49bbc2320c0a74,CWE-617: Reachable Assertion,Invariant Violations,"A crafted JAX manual sharding setup can drive the HLO SPMD partitioner into an internal state that violates its assumptions, triggering debug/check assertions and crashing compilation instead of handling the case gracefully.",JAX manual sharding triggers assertions in SPMD partitioner,2023-07-19T06:43:52Z,https://github.com/openxla/xla/issues/4340
4431,openxla/xla,Before commit 2b0aeb3a2cc14c7db344f472c33f449df5923a59,CWE-754: Improper Check for Unusual or Exceptional Conditions,Others,"XLA runtime profiling initialization can crash when invoked via JAX, indicating missing robustness/validation around profiling/instrumentation setup (e.g., unexpected environment/configuration/state), allowing a crafted execution configuration to cause a denial-of-service via process crash.",Profiling crashes when run using JAX,2023-07-21T22:25:14Z,https://github.com/openxla/xla/issues/4431
4491,openxla/xla,Before commit 05a6aa3e87af9f288162de9d4be00e0681327583,CWE-704: Incorrect Type Conversion or Cast,Tensor Mapping Defects,"During IR lowering, dynamic-slice indices provided as uint8 are not correctly converted/extended to the expected index type, leading to wrong slice offsets and thus incorrect inference results without necessarily crashing.",Dynamic slice with `uint8` index returns incorrect result,2023-07-25T17:32:58Z,https://github.com/openxla/xla/issues/4491
4762,openxla/xla,Before commit 0765a7596670f9b8967de37660d4cd255805249c,CWE-617: Reachable Assertion,Invariant Violations,"The hlo_live_range analysis contains an assertion that can be triggered by a crafted/invalid HLO module when processed via run_hlo_module or hlo_runner, causing an assertion failure and compiler crash (denial of service) during HLO analysis/optimization.",hlo_live_range reports assertion failure when running an HLO module file through run_hlo_module or multihost_hlo_runner/hlo_runner_main,2023-08-04T15:04:34Z,https://github.com/openxla/xla/issues/4762
4803,openxla/xla,Before commit 0c454d65be23928016675440d00f30a4640978ce,CWE-682: Incorrect Calculation,Numerical Computing Defects,"Before commit 0c454d65be23928016675440d00f30a4640978ce, XLA:GPU performed an invalid optimization/transformation of boolean operators during GPU codegen/lowering, producing compiled kernels whose boolean logic could differ from the original HLO semantics, leading to inconsistent/incorrect inference results without necessarily crashing.",XLA:GPU incorrect optimization of boolean operators,2023-08-07T16:59:18Z,https://github.com/openxla/xla/issues/4803
4833,openxla/xla,Before commit 0708d3c856bfeb98e312d7f04fc7b1cfed2c72a9,CWE-754: Improper Check for Unusual or Exceptional Conditions,Tensor Mapping Defects,"The GPU backend code generation/lowering path encounters a layout where the batch dimension is in the most-minor dimension and responds by emitting an `UNIMPLEMENTED: batch in most minor dimension` error, causing a crash/abort instead of gracefully rejecting or handling the input; a crafted HLO/module with this layout can reliably trigger a denial-of-service during compilation.",`UNIMPLEMENTED: batch in most minor dimension`,2023-08-08T13:01:22Z,https://github.com/openxla/xla/issues/4833
5932,openxla/xla,Before commit 00142925537473608471f94ca678202ed54cc658,CWE-754: Improper Check for Unusual or Exceptional Conditions,Backend Inconsistencies,"When targeting NVIDIA CC 9.0, the backend attempts to use ptxas even though it does not support that architecture, and the fallback to CUDA driver PTX compilation is not correctly applied/selected. This leads to a compilation failure/crash during GPU code generation/JIT, allowing a crafted configuration/model targeting CC 9.0 to reliably break compilation/inference availability.",[Bug] Falling back to the CUDA driver for PTX compilation; ptxas does not support CC 9.0,2023-09-27T03:50:50Z,https://github.com/openxla/xla/issues/5932
6353,openxla/xla,Before commit 04fb2f91205c6331c8942b5598e5677fd42da58d,CWE-754: Improper Check for Unusual or Exceptional Conditions,IR Transformation Errors,"The HLO optimization pass (LoopDoubleBufferTransformer) makes invalid assumptions about the structure/properties of loops/buffers and does not robustly validate preconditions before transforming, leading to a compiler crash when presented with certain (crafted or uncommon) HLO graphs.",LoopDoubleBufferTransformer makes spurious assumptions,2023-10-16T17:55:49Z,https://github.com/openxla/xla/issues/6353
6370,openxla/xla,Before commit 1233e8ab314d718306bc6b2b3f7ec5f0019a9658,CWE-754: Improper Check for Unusual or Exceptional Conditions,Backend Inconsistencies,"The GPU backend/runtime dispatch path for FP8 matmul does not robustly validate/handle cuBLASLtMatmul (or algorithm selection) failures, resulting in an INTERNAL error/crash when certain FP8 configurations are used, allowing a crafted model/input to trigger a denial-of-service via backend failure.",Getting 'INTERNAL: cublasLtMatmul' error when using FP8,2023-10-17T00:26:23Z,https://github.com/openxla/xla/issues/6370
6523,openxla/xla,Before commit 175ea7d3d583bfd8de45f53be75975991fb11dbd,CWE-754: Improper Check for Unusual or Exceptional Conditions,Backend Inconsistencies,"A Triton version update in XLA’s GPU backend leads to generation/assembly of PTX (or ptxas invocation) that crashes on Hopper GPUs, allowing a crafted model/program to trigger a denial-of-service via backend code generation/execution failure.",The recent triton version bump crashes execution on Hopper GPU,2023-10-25T00:43:07Z,https://github.com/openxla/xla/issues/6523
6561,openxla/xla,Before commit 10bad5112ac6d4a31bc847d3813d626ada3343a0,Improper Control of Compilation Availability,IR Transformation Errors,"Enabling the HLO auto_sharding optimization pass in OSS triggers a segmentation fault during the GPU compilation pipeline, indicating a compiler/runtime crash (potentially due to invalid memory access) that can be induced by specific models/configurations, impacting compilation/inference availability and possibly causing memory corruption.",[xla:gpu] enabling `auto_sharding` pass in OSS results in segfault ,2023-10-26T10:44:02Z,https://github.com/openxla/xla/issues/6561
6718,openxla/xla,Before commit 116aedaba5356d8b8f37201cf9a0e4261bb65d60,CWE-248: Uncaught Exception,Others,"The custom partitioner/backend configuration path attempts to decode non-UTF-8 bytes as UTF-8 and does not catch/handle UnicodeDecodeError, causing an INTERNAL XlaRuntimeError crash when presented with malformed or unexpected configuration/model metadata.",XlaRuntimeError: INTERNAL: custom_partitioner: UnicodeDecodeError: 'utf-8' codec can't decode byte...,2023-11-02T06:53:35Z,https://github.com/openxla/xla/issues/6718
6787,openxla/xla,Before commit 1cb38d0dce829256a49c65f7a3c3c78dc78787d2,CWE-754: Improper Check for Unusual or Exceptional Conditions,Backend Inconsistencies,"The CPU backend/JIT-generated code for float16->float32 conversion depends on the compiler-rt/libgcc helper symbol `__extendhfsf2`, but in some (virtualized) environments that symbol is not available or not linked/loaded, causing a runtime link failure and crash (availability impact) when executing models that trigger this conversion.",Float16 to Float32 conversion crashing with symbols not found: __extendhfsf2 in virualized env,2023-11-06T06:06:27Z,https://github.com/openxla/xla/issues/6787
6825,openxla/xla,Before commit 0387b99c8afa61f9bd7683782448dfa9e277aefb,CWE-754: Improper Check for Unusual or Exceptional Conditions,Backend Inconsistencies,"The GPU/NCCL collective scheduling pass enables NCCL clique optimization even when a custom-call can execute in parallel with collectives, leading to an invalid scheduling/assumption mismatch that can crash compilation or runtime; the fix is to gate clique optimization on the absence of parallel custom-calls.",Only enable NCCL clique optimization if no custom-call happens in parallel,2023-11-07T17:41:12Z,https://github.com/openxla/xla/issues/6825
6834,openxla/xla,Before commit 0387b99c8afa61f9bd7683782448dfa9e277aefb,CWE-682: Incorrect Calculation,Numerical Computing Defects,"During code generation for CUDA, an integer overflow occurs in index/offset or size arithmetic, producing an incorrect device memory address. This results in CUDA_ERROR_ILLEGAL_ADDRESS and can cause memory corruption (out-of-bounds access) when a crafted model triggers the overflowing computation.",CUDA_ERROR_ILLEGAL_ADDRESS due to integer overflow,2023-11-07T22:17:46Z,https://github.com/openxla/xla/issues/6834
7155,openxla/xla,Before commit 04e123ecf0b55e31b895b5a8f14bf6ebcd32c32c,CWE-476: NULL Pointer Dereference,Memory Management Defects,"The CollectivePermuteMotion pass can dereference an invalid/null internal pointer when processing certain HLO graphs, leading to a segmentation fault and compiler crash during the GPU-specific HLO optimization pipeline.",Segmentation fault during compilation in CollectivePermuteMotion pass,2023-11-20T17:26:38Z,https://github.com/openxla/xla/issues/7155
7716,openxla/xla,Before commit 1778a66aa5760efd42d2918e17d8f4e493d0098e,Improper Control of Compilation Availability,Backend Inconsistencies,"The triton autotuner (and related components) can behave nondeterministically across processes, leading to inconsistent tuning/codegen decisions that can deadlock or hang during multi-process GPU execution, causing a denial-of-service via compilation/inference unavailability.",Nondeterminism in triton-autotuner and others leads to hangs in multi-process gpu execution,2023-12-12T17:50:48Z,https://github.com/openxla/xla/issues/7716
7904,openxla/xla,Before commit 01299b2d982980b1d0ebcdf25fc1b516d619bc0f,CWE-20: Improper Input Validation,Invariant Violations,"During HLO IR generation / pre-optimization verification for TPU, the compiler allows the same channel identifier to be assigned to multiple host send/recv instructions. This violates expected invariants and can trigger a verifier failure or crash, enabling a crafted model/HLO module to reliably cause compilation to abort (availability impact).",[Bug][TPU] channel is used for multiple host send/recv instructions,2023-12-19T16:14:02Z,https://github.com/openxla/xla/issues/7904
8471,openxla/xla,Before commit 55c1f87da747afb9ec8be12d6b5dc4d82dda25b2,Incorrect Preservation of Model Semantics,Backend Inconsistencies,"The issue report indicates that executing a compiled JAX/XLA program on the CPU backend can yield inconsistent inference results (nondeterministic or differing outputs) and may crash, implying a backend/runtime miscompilation or incorrect lowering/execution that fails to preserve the original model’s semantics across runs.",[BUG] Inconsistent compiled JAX running results on CPU,2024-01-14T17:11:01Z,https://github.com/openxla/xla/issues/8471
9065,openxla/xla,Before commit 04dc5d6cd2573aec5339f43e297b5f46e35ab816,CWE-617: Reachable Assertion,Invariant Violations,"LatencyHidingScheduler hits a `Check failed` (fatal assertion) during HLO scheduling, indicating an internal assumption/invariant is not validated or handled gracefully. A malformed/adversarial HLO module can trigger the CHECK and crash the compiler, causing a denial of service.",[BUG]LatencyHidingScheduler raise Check failed,2024-02-01T13:52:38Z,https://github.com/openxla/xla/issues/9065
9164,openxla/xla,Before commit 06ff402a663458c6180116e6ad8cebeb60e23701,CWE-754: Improper Check for Unusual or Exceptional Conditions,Tensor Mapping Defects,"During backend code generation (CPU LLVM IR emission), the compiler assumes a layout is present for certain values/shapes; when layout metadata is missing, the code path does not validate or provide a fallback and crashes instead of emitting a recoverable error.",[BUG] Compiler crash on missing layout,2024-02-05T16:39:10Z,https://github.com/openxla/xla/issues/9164
9307,openxla/xla,Before commit 0634f7048cf37e499fdb078397b5213345485e7c,CWE-754: Improper Check for Unusual or Exceptional Conditions,Memory Management Defects,"The HLO runner crashes during runtime execution when a computation returns a matrix, indicating missing/incorrect handling of non-scalar (2D) output buffers during allocation or host/device result transfer, allowing a crafted HLO/module with matrix outputs to trigger a denial-of-service via crash.",[BUG] Returning a matrix crashes the HLO runner,2024-02-08T09:16:17Z,https://github.com/openxla/xla/issues/9307
10013,openxla/xla,Before commit 075d25e0c19e4e455ba0a2bcc432d581128e66aa,CWE-754: Improper Check for Unusual or Exceptional Conditions,IR Transformation Errors,"During HLO optimization (dead-code elimination / instruction removal), XLA hits an internal ""cannot remove instruction"" failure when compiling a large MoE model, indicating the pass attempts to delete an instruction that is still referenced or otherwise not safely removable. This malformed/edge-case HLO graph triggers a compiler crash, impacting compilation availability.","XLA ""cannot remove instruction"" when compiling big MoE model",2024-02-27T15:18:34Z,https://github.com/openxla/xla/issues/10013
10394,openxla/xla,Before commit 0d5bbfe52b302396bd4bb110e9eca6290babc84e,CWE-754: Improper Check for Unusual or Exceptional Conditions,IR Transformation Errors,"The collective-permute-motion HLO optimization pass can be invoked on modules that contain no collective-permute operations, and it fails to robustly handle this unexpected/empty-case IR state, leading to a compiler crash (availability impact) triggered by a crafted or merely ordinary JAX program.",XLA crashes in collective-permute-motion when running JAX program (without any collective permute) ,2024-03-09T18:44:41Z,https://github.com/openxla/xla/issues/10394
10415,openxla/xla,Before commit 061693da11d0c4360cf4733d524b3529f711463c,Improper Control of Compilation Availability,Memory Management Defects,"The HLO->backend lowering for the threefry2x32 random-generation kernel can trigger excessive intermediate buffer/materialization, causing disproportionate memory consumption (resource exhaustion) from crafted or large RNG shapes, impacting compilation/inference availability.",Random generation through threefry2x32 kernel takes too much memory costs in XLA,2024-03-11T15:18:28Z,https://github.com/openxla/xla/issues/10415
10543,openxla/xla,Before commit 120663aa1dd8e95397ee0aa19cf84f2d2bf52bde,CWE-754: Improper Check for Unusual or Exceptional Conditions,IR Transformation Errors,"A crafted HLO/module using with_sharding_constraint can reach an unhandled/invalid state during HLO optimization sharding propagation for the GPU backend, leading to a compiler/runtime crash (availability impact) rather than graceful error handling.",[xla:gpu] with_sharding_constraint triggers crash on GPU,2024-03-13T22:28:58Z,https://github.com/openxla/xla/issues/10543
10826,openxla/xla,Before commit 068a5d644b368242a2ffa9eeade8ff794f335e08,Incorrect Preservation of Model Semantics,Tensor Mapping Defects,"The GpuLayoutAssignment backend pass erroneously rewrote the host memory space color on copy-start/copy-done instructions, changing the intended host/device memory placement semantics and leading to inconsistent inference results without an explicit failure.",GpuLayoutAssignment pass unexpectedly replaced the host memory space color of the copy-start/copy-done instructions,2024-03-22T06:29:30Z,https://github.com/openxla/xla/issues/10826
10992,openxla/xla,Before commit 3380a818b9abe73f7b65cf6031f40c90f79ef54f,CWE-754: Improper Check for Unusual or Exceptional Conditions,Tensor Mapping Defects,"During frontend lowering to HLO, CollectiveBroadcast HLO is constructed without setting the `use_global_device_ids` attribute, causing the compiled program to use incorrect device-id semantics (global vs local) and potentially leading to wrong collective behavior and crashes in distributed execution.",CollectiveBroadcast should add `use_global_device_ids` to its hlo construction,2024-03-27T18:07:33Z,https://github.com/openxla/xla/issues/10992
11668,openxla/xla,Before commit 0a60a75cd7e09ebb283f54fdc1c79b4263d3c61c,CWE-682: Incorrect Calculation,Numerical Computing Defects,"ZlibOutputBuffer performs arithmetic on sizes/positions without guarding against integer overflow, allowing crafted serialized/compressed data or large outputs to wrap calculations and trigger a runtime crash (availability impact).",Integer overflow in ZlibOutputBuffer causes crash,2024-04-18T17:24:28Z,https://github.com/openxla/xla/issues/11668
11824,openxla/xla,Before commit 0631d909c6a1fb0f67519d211151513942326bfe,Improper Control of Compilation Availability,Others,"During GPU backend code generation, XLA invokes the external `ptxas` subprocess; if `ptxas` becomes defunct (zombie) or otherwise fails to terminate/return, XLA can wait indefinitely, leading to a hang and potential resource exhaustion. The issue indicates missing/insufficient timeout, error detection, and cleanup for the `ptxas` subprocess.","call ptxas become defunct, cause xla hung",2024-04-24T02:46:39Z,https://github.com/openxla/xla/issues/11824
13054,openxla/xla,Before commit 071e966ea9f1ce77422d9e70bc3009280755ff6a,Incorrect Preservation of Model Semantics,Backend Inconsistencies,"A backend graph-lowering/codegen change in the oneDNN (CPU) path produces numerically incorrect outputs for a JAX test, indicating the compiled execution is not semantically equivalent to the original model/program (wrong inference results without necessarily crashing).",Wrong output from JAX test after onednn change,2024-05-24T16:51:11Z,https://github.com/openxla/xla/issues/13054
13361,openxla/xla,Before commit 0073dac596c76bff63b778b68f334d9f2b7582e9,CWE-20: Improper Input Validation,Tensor Mapping Defects,"In the XLA:GPU cuDNN norm rewriter optimization pass, the code assumes a minimum tensor rank/shape layout and performs direct indexing into the shape’s dimension list without verifying the rank. Crafted or unexpected HLO shapes with fewer dimensions trigger out-of-bounds shape access, causing a compiler crash (availability impact).",[XLA:GPU] cuDNN norm rewriter fails with OOB shape access,2024-06-04T08:06:31Z,https://github.com/openxla/xla/issues/13361
13606,openxla/xla,Before commit 0ec43b35f69cb21e804c65c2b887d7a3ba623ada,Improper Control of Compilation Availability,Memory Management Defects,"The cuDNN normalization rewrite pass retains and later dereferences pointers/references to HLO instructions or related objects after they have been deleted/replaced during rewriting, leading to a use-after-free that manifests as memory corruption/crash (e.g., under ASAN) when compiling or running affected models.",[XLA:GPU] cuDNN norm rewriter triggers UAF when running with ASAN,2024-06-11T09:53:59Z,https://github.com/openxla/xla/issues/13606
13853,openxla/xla,Before commit 00f09add2de29204841fecba9f33055fe9144d4f,CWE-754: Improper Check for Unusual or Exceptional Conditions,Invariant Violations,"The GPU profiling/CUPTI integration path assumes CUPTI is successfully initialized and proceeds to use CUPTI-related handles/APIs even when initialization fails or is incomplete, leading to a null/invalid state being dereferenced and causing a segfault (availability-impacting crash).",Bug: Segfault when CUPTI is not correctly initialized.,2024-06-17T16:08:56Z,https://github.com/openxla/xla/issues/13853
14165,openxla/xla,Before commit 00765ade5e1413f7a51e40be211c34e62f407d59,CWE-754: Improper Check for Unusual or Exceptional Conditions,Backend Inconsistencies,"A specific TensorFlow object detection model triggers a failure in XLA's GPU backend during code generation when lowering CustomCall operations, causing a crash and preventing successful compilation/execution (availability impact) prior to commit 00765ade5e1413f7a51e40be211c34e62f407d59.",TF official objection detection model fails when running with XLA on GPU,2024-06-25T21:48:35Z,https://github.com/openxla/xla/issues/14165
14332,openxla/xla,Before commit 0b704770240db972303f405f104bef79c67db545,CWE-617: Reachable Assertion,IR Transformation Errors,"The GPU backend collective pipelining/while-loop transformation pass can encounter an unhandled IR configuration (gradient accumulation with a non-unrolled loop) that violates pass invariants, triggering a CHECK failure and crashing compilation (denial of service via crafted model/IR).",[XLA:GPU] Check failed in collective_pipeliner when using gradient accumulation with non-unrolled loop,2024-07-01T13:24:20Z,https://github.com/openxla/xla/issues/14332
14520,openxla/xla,Before commit 070d351cc77bbabfd321c69988a1ead162670f03,CWE-20: Improper Input Validation,Invariant Violations,"While parsing/deserializing an HloModuleProto, the importer assumes certain debug metadata fields are non-empty; a crafted proto with an empty required/expected field triggers an unhandled error path leading to a crash (availability impact) instead of being rejected gracefully.",Error due to empty field,2024-07-07T09:25:01Z,https://github.com/openxla/xla/issues/14520
14600,openxla/xla,Before commit 01862897fd2c83428642dc13e13193ca1e2e2e29,CWE-754: Improper Check for Unusual or Exceptional Conditions,IR Transformation Errors,"During HLO SPMD partitioning/custom sharding inlining, XLA reuses or fails to remap collective channel IDs, causing collisions between collectives that are expected to have unique channel identifiers. This can trigger crashes in later compilation/lowering or runtime due to invalid/ambiguous collective communication setup.",Channel ids for collectives are not unique when custom sharding is inlined in XLA,2024-07-08T19:09:24Z,https://github.com/openxla/xla/issues/14600
14607,openxla/xla,Before commit 01862897fd2c83428642dc13e13193ca1e2e2e29,CWE-754: Improper Check for Unusual or Exceptional Conditions,Tensor Mapping Defects,"The CPU IR emission path fails (crashes) when lowering a dot operation with f16 and f32 inputs producing an f16 output, indicating missing/incorrect handling or validation of this mixed-precision type combination during backend code generation, leading to a compiler/runtime availability failure triggered by a crafted model.","[CPU] dot(f16, f32) -> f16 - crashes on cpu. ",2024-07-08T22:20:34Z,https://github.com/openxla/xla/issues/14607
15022,openxla/xla,Before commit 06f404065e73b2a8f0672786224c43b794a6967b,CWE-617: Reachable Assertion,Invariant Violations,"When loading an AOT executable, the deserializer asserts `proto.has_host_program_shape()` and crashes if the serialized proto lacks `host_program_shape`, instead of handling the malformed/older-format input gracefully with validation and an error path.",Issue running AOT-compiled code: `proto.has_host_program_shape() No program shape found in the proto`,2024-07-17T17:39:51Z,https://github.com/openxla/xla/issues/15022
15094,openxla/xla,Before commit 045256bbef5ab4fea5a695efb37dd907d49c7129,CWE-248: Uncaught Exception,Invariant Violations,"During HLO auto-sharding (sharding propagation), the code calls `absl::btree_map::at` on a key that may be absent for certain HLO graphs/sharding states. The missing precondition/guard causes an exception/abort and crashes compilation when triggered by a crafted model, impacting availability.","Autosharding fails with ""absl::btree_map::at"" ",2024-07-18T19:58:42Z,https://github.com/openxla/xla/issues/15094
15744,openxla/xla,Before commit 117abcb5b490e2ee905c5a75981f36581fd1cc4f,Improper Control of Compilation Availability,IR Transformation Errors,"The report indicates a reproducible compilation crash during the GPU optimization (fusion/HLO optimization) stage prior to commit 117abcb5b490e2ee905c5a75981f36581fd1cc4f, implying the optimizer/fusion pass fails to robustly handle some HLO patterns and can be driven to crash (availability impact) by a crafted model/program.",Error in compilation on GPU,2024-08-05T22:16:42Z,https://github.com/openxla/xla/issues/15744
16430,openxla/xla,Before commit 01f2be2c6959599eead6b1ec7a453019cf8a1d63,CWE-476: NULL Pointer Dereference,Memory Management Defects,"When CPU collectives are executed with a forced host platform device count of 2, the runtime hits an invalid/NULL internal state (e.g., missing or uninitialized collective/communicator/device context) and dereferences it, causing a segmentation fault and crashing execution. This enables a denial-of-service via a crafted configuration/model that triggers CPU collectives in this setup.",Segfault when using CPU collectives plus --xla_force_host_platform_device_count=2,2024-08-23T23:48:42Z,https://github.com/openxla/xla/issues/16430
16569,openxla/xla,Before commit 00e5683eace1bb01ef99bdad8a56f961ee4c5714,CWE-754: Improper Check for Unusual or Exceptional Conditions,Others,"The profile-guided optimization (PGLE) accuracy checker can hit a hard error (fatal crash) during scheduling when presented with specific compiled programs/models, indicating missing robustness/exception handling for unexpected IR or profiling conditions and allowing a crafted model to reliably terminate compilation.",Hard error with PGLE Accruracy Checker,2024-08-28T17:36:52Z,https://github.com/openxla/xla/issues/16569
17103,openxla/xla,Before commit 011675619914f43dceb87cfb6a3cc10041ecbd7a,Improper Control of Compilation Availability,IR Transformation Errors,"A malformed or unexpected HLO pattern reaching the Triton softmax fusion lowering path in the GPU backend triggers a segmentation fault, causing a compiler/runtime crash and loss of availability.",XLA flags: No speed ups on GPUs and segmentation fault,2024-09-12T15:19:05Z,https://github.com/openxla/xla/issues/17103
17124,openxla/xla,Before commit 011675619914f43dceb87cfb6a3cc10041ecbd7a,Improper Control of Compilation Availability,Memory Management Defects,"In backend GPU optimization (fusion/buffer assignment/memory planning) prior to commit 011675619914f43dceb87cfb6a3cc10041ecbd7a, certain models trigger abnormally large GPU memory allocations, causing resource exhaustion and potential crashes, impacting compilation/inference availability.",Large GPU memory allocation for newer versions,2024-09-12T23:37:44Z,https://github.com/openxla/xla/issues/17124
17323,openxla/xla,Before commit 05ba4878d922b830330ab5597f732b667a32825e,CWE-754: Improper Check for Unusual or Exceptional Conditions,IR Transformation Errors,"ElementalIrEmitter emits malformed/invalid LLVM IR for the Iota operation with f8e4m3fn element type, causing LLVM verification failure and a crash during code generation.",ElementalIrEmitterExecutionTest.IotaF8E4M3FN - Invalid LLVM IR,2024-09-18T20:45:11Z,https://github.com/openxla/xla/issues/17323
17356,openxla/xla,Before commit 013ab02b013d43d9e37fbf62cf2477b325d036f7,Improper Control of Compilation Availability,Backend Inconsistencies,"The TritonGPU -> LLVM conversion pass can dereference invalid memory (segfault) when lowering Pallas/Triton kernels for H100 (Hopper) GPUs, allowing a crafted model/kernel to crash compilation or code generation and thus impact availability.",Pallas/Triton segfault on H100,2024-09-19T14:13:50Z,https://github.com/openxla/xla/issues/17356
18214,openxla/xla,Before commit 008fe8c288aa2208a273419f810655ba085cea9a,CWE-754: Improper Check for Unusual or Exceptional Conditions,Backend Inconsistencies,"A regression (introduced by PR#18052, fixed before commit 008fe8c288aa2208a273419f810655ba085cea9a) causes the GPU backend runtime execution path for custom calls to crash during multi-GPU MaxText training, allowing a crafted workload/model configuration to trigger a denial-of-service via runtime failure.",PR#18052 caused runtime crashes for all the MaxText training with multi-gpus,2024-10-11T16:51:22Z,https://github.com/openxla/xla/issues/18214
18608,openxla/xla,Before commit 002e8d9fa4a3760d4ee9c32feb477d307d4c3392,Improper Control of Compilation Availability,Backend Inconsistencies,"Enabling `jax_cpu_enable_async_dispatch` triggers inefficient async dispatch/scheduling on x86 and arm64 CPU backends, causing severe performance degradation (resource exhaustion/availability impact) during runtime execution rather than a correctness failure.",jax_cpu_enable_async_dispatch is degrading the inference performance on x86 and arm64 cpu backend,2024-10-22T15:40:24Z,https://github.com/openxla/xla/issues/18608
18611,openxla/xla,Before commit 002e8d9fa4a3760d4ee9c32feb477d307d4c3392,Improper Control of Compilation Availability,Memory Management Defects,"A change in XLA:CPU minimum buffer alignment from 16 to 64 bytes increases padding/over-allocation for many buffers, leading to significant memory overhead and potential resource exhaustion (OOM/slowdown) at runtime for certain workloads/models.",XLA:CPU performance regression with the min alignment changed from 16 to 64,2024-10-22T16:33:52Z,https://github.com/openxla/xla/issues/18611
18629,openxla/xla,Before commit 002e8d9fa4a3760d4ee9c32feb477d307d4c3392,CWE-754: Improper Check for Unusual or Exceptional Conditions,IR Transformation Errors,"A change introduced in PR#18588 breaks JAX PJIT CustomPartitionerTest, indicating that certain HLO computation construction/rewriting paths can trigger a compiler crash (availability impact) when processing specific partitioning/custom-partitioner configurations.",PR#18588 broke JAX PJIT CustomPartitionerTest,2024-10-22T23:35:36Z,https://github.com/openxla/xla/issues/18629
19105,openxla/xla,Before commit 0f6331b1881ae34c8b1cd59580900d556bc8305c,CWE-754: Improper Check for Unusual or Exceptional Conditions,Backend Inconsistencies,"During CPU code generation on aarch64, compiling a bf16 convert triggers an LLVM internal error, indicating XLA emits an unsupported/invalid instruction selection or legalization sequence for bf16 conversion on that target, causing a compiler crash (availability impact) when given a model/program that includes such a conversion.",[cpu] LLVM error during compilation of bf16 convert on aarch64,2024-11-06T13:36:01Z,https://github.com/openxla/xla/issues/19105
19482,openxla/xla,Before commit 120fbf9e88b159bed64addb4da6de08b3c6ea5bc,CWE-754: Improper Check for Unusual or Exceptional Conditions,Tensor Mapping Defects,"The StableHLO `cbrt` op is specified to support complex element types, but XLA’s StableHLO->HLO lowering and/or runtime op validation does not correctly handle complex inputs and instead crashes (likely via an internal check/assert or unhandled code path). A crafted model using `stablehlo.cbrt` on complex tensors can reliably trigger a compiler/runtime crash, causing denial of service.",`stablehlo.cbrt` crashes with complex numbers when StableHLO spec supports it,2024-11-19T16:56:29Z,https://github.com/openxla/xla/issues/19482
19555,openxla/xla,Before commit 0ecfee5ca8ee8e8bc7314732c361465cbf224508,Incorrect Preservation of Model Semantics,Memory Management Defects,"In the GPU backend copy/collective lowering and scheduling path, a local peer-to-peer memcpy is generated/used incorrectly (e.g., wrong address space/aliasing/synchronization assumptions), leading to memory access problems that manifest as silent numerical corruption and inconsistent inference results rather than an explicit crash.",[GPU bug] Memcpy local p2p leads to numerical issues (mem access problems).,2024-11-20T18:21:36Z,https://github.com/openxla/xla/issues/19555
19700,openxla/xla,Before commit 046f3dc59a0c67a0ce144cc01a5af5aeac58977c,CWE-754: Improper Check for Unusual or Exceptional Conditions,Backend Inconsistencies,"During MLIR dialect conversion to the ROCm GPU backend, the pipeline cannot legalize the `math.exp` operation when the operand/result type is bf16, causing a legalization failure and crash/abort instead of handling the case (e.g., via type promotion, fallback lowering, or a graceful diagnostic).",[ROCm] failed to legalize operation 'math.exp' for exponential op with bf16 dtype,2024-11-22T16:32:08Z,https://github.com/openxla/xla/issues/19700
19716,openxla/xla,Before commit 046f3dc59a0c67a0ce144cc01a5af5aeac58977c,Incorrect Preservation of Model Semantics,Backend Inconsistencies,"The JIT GPU lowering (fusion handling of at[].set implemented via scatter/dynamic-update-slice) produces results that differ from the CPU implementation, indicating a semantic mismatch in the GPU backend code generation path (e.g., incorrect update ordering/aliasing/atomicity assumptions in fused scatter), leading to inference result inconsistency without an explicit crash.",CPU vs GPU inconsistency with at[].set ops under jit,2024-11-22T21:52:35Z,https://github.com/openxla/xla/issues/19716
20373,openxla/xla,Before commit 075c19040e3f8760e167e285f7800e651cead196,CWE-754: Improper Check for Unusual or Exceptional Conditions,Memory Management Defects,"During CSE/buffer-aliasing for activation offloading, XLA incorrectly treats scan outputs with identical shapes in different memory spaces (pinned-host vs device) as safely aliasable, leading to invalid cross-memory-space aliasing and a crash when compiling/executing models that trigger this pattern.",Activation offloading with scan fails in XLA with same shape pinned-host/device scan outputs,2024-12-10T13:34:50Z,https://github.com/openxla/xla/issues/20373
20440,openxla/xla,Before commit 0060947ae223f86ab87477fba9f7eb522e7fbbcd,Incorrect Preservation of Model Semantics,IR Transformation Errors,"During backend optimization (CPU copy insertion and scheduling / buffer assignment), inserted copies are allowed to supersede or bypass an OptimizationBarrier, defeating the barrier’s intent and enabling adversarial HLO graphs to trigger pathological scheduling/copy behavior that can lead to resource exhaustion (excessive copies/memory/time) and impair compilation availability.",Copies supersede OptimizationBarrier,2024-12-11T19:33:18Z,https://github.com/openxla/xla/issues/20440
20686,openxla/xla,Before commit 0914bb25138c6320191a6023dac3170d54ffc79c,Incorrect Preservation of Model Semantics,Others,"XLA:CPU execution triggers a ThreadSanitizer-detected race condition inside the oneDNN library call path, indicating missing/incorrect synchronization or unsafe shared state usage in the runtime/backend integration, which can lead to nondeterministic crashes or reliability degradation during inference.",TSAN race in XLA:CPU inside onednn,2024-12-18T15:08:04Z,https://github.com/openxla/xla/issues/20686
21312,openxla/xla,Before commit 0cb8b51b761603f83e91d61be1d513aff77f1f82,CWE-617: Reachable Assertion,Invariant Violations,"In the post-layout-assignment GPU HLO verification/IR validation pipeline, a crafted HLO module containing a CustomCall with input/output aliasing causes an internal assertion to fire instead of being handled as a recoverable validation error, leading to a compiler crash (denial of service).",Assertion Error on CustomCall with input/output aliasing,2025-01-11T03:41:17Z,https://github.com/openxla/xla/issues/21312
21461,openxla/xla,Before commit 0f88309e01e6fd4da25defbe4c6e65f69fd3048d,CWE-682: Incorrect Calculation,Numerical Computing Defects,"The CPU PJRT codegen/lowering path selects different implementations for reduce-max depending on whether the input is a compile-time constant or a runtime parameter, leading to divergent handling of NaNs (e.g., NaN propagation/ordering). This breaks semantic equivalence and can yield inconsistent inference results without an explicit failure.",CPU PJRT: reduce max of NaNs different if the value is a constant or if the value comes from a parameter,2025-01-15T11:52:30Z,https://github.com/openxla/xla/issues/21461
22209,openxla/xla,Before commit 0a5c792ae21851b73e4f53646ceb3c0ad90ba67f,CWE-617: Reachable Assertion,Invariant Violations,"A crafted/invalid Scatter IR triggers an MLIR type/range iteration path where the element type is not iterable, causing the assertion `succeeded(range) && ""element type cannot be iterated""` to fire during optimization, leading to a compiler crash (availability impact).","Hitting `Assertion 'succeeded(range) && ""element type cannot be iterated""' failed.` in Scatter operation",2025-02-02T20:34:27Z,https://github.com/openxla/xla/issues/22209
22473,openxla/xla,Before commit 018e355ce98b01cc08c0779ef6d2539911302efc,Improper Control of Compilation Availability,Backend Inconsistencies,The report indicates that running JAX tests with the XLA CPU backend on AArch64 triggers a crash during LLVM backend code generation/instruction selection (pre-018e355c). This is an availability issue: a crafted or simply valid model/program can cause the compiler/runtime to crash on that target due to a defect in the AArch64 codegen path.,"JAX tests fail with ""cpu"" backend on aarch64",2025-02-07T19:09:18Z,https://github.com/openxla/xla/issues/22473
22604,openxla/xla,Before commit 09bb63e17b056199291337ac614dda254c769201,Improper Control of Compilation Availability,Memory Management Defects,"On CUDA PJRT/IFRT execution, donating the same buffer more than once (double donation) is not properly detected or prevented, leading to use-after-free/double-release of device buffer state and a resulting segmentation fault (crash) instead of a safe error.",double buffer donation triggers segfault on CUDA,2025-02-11T23:17:24Z,https://github.com/openxla/xla/issues/22604
24186,openxla/xla,Before commit 09c7a3b294eccafbf79c3ef64c92fef71dabb305,CWE-754: Improper Check for Unusual or Exceptional Conditions,Backend Inconsistencies,"The CPU backend lowering for HLO dynamic-update-slice does not correctly handle the interaction of sharding metadata with double-precision (f64) operands, leading to an internal compiler failure/crash during HLO-to-LLVM IR/code generation when presented with a crafted model using this op configuration.",dynamic-update-slice fails in combination with sharding and double precision,2025-03-25T19:49:49Z,https://github.com/openxla/xla/issues/24186
25172,openxla/xla,Before commit 044278c8112dacf43cb130072c2275a0da509eb4,Improper Control of Compilation Availability,Memory Management Defects,"The runtime client mishandles PJRT event objects (e.g., not waiting, not retaining, or using events after completion/free), failing to properly validate and enforce event state/lifetime invariants. This can lead to use-after-free–like behavior, crashes, and potential memory corruption when adversarial or malformed execution sequences trigger unexpected event ordering or premature destruction.",PjRtCApiClient doesn't use events properly,2025-04-14T11:57:57Z,https://github.com/openxla/xla/issues/25172
25487,openxla/xla,Before commit 0326c91cfa5064977da1b86831addb96b47f5fb6,Improper Control of Compilation Availability,IR Transformation Errors,"The StableHLO/CHLO `top_k` op is lowered in a way that sorts the entire input array rather than using a selection/partial-sort strategy, allowing crafted large tensors or large-k configurations to trigger excessive time/memory usage (resource exhaustion) during compilation or GPU backend codegen.",XLA sorts the entire array for `chlo.top_k`,2025-04-21T19:08:22Z,https://github.com/openxla/xla/issues/25487
25747,openxla/xla,Before commit 005deef50a5e68437f4da0fa7ed5b355090a7f07,CWE-754: Improper Check for Unusual or Exceptional Conditions,Invariant Violations,"During HLO lowering / scheduling-annotation processing, the runtime hits an UNIMPLEMENTED path when encountering annotation groups with gaps, causing a hard failure (XlaRuntimeError) instead of gracefully rejecting or handling the input, enabling a crafted model/HLO to reliably crash compilation/execution.",jaxlib.xla_extension.XlaRuntimeError: UNIMPLEMENTED: Support for annotation groups with gaps doesn't exist yet,2025-04-25T22:16:30Z,https://github.com/openxla/xla/issues/25747
26766,openxla/xla,Before commit 041b0b788d03ce962fc08e945ad1a7537e486b5a,Incorrect Preservation of Model Semantics,Tensor Mapping Defects,"During HLO layout assignment/propagation, XLA propagates a layout computed for a 3D tensor onto a 2D tensor without validating rank/shape compatibility, leading to an internal inconsistency that can trigger a compiler crash when processing crafted HLO graphs.",XLA incorrectly propagates a layout from a 3D tensor to a 2D tensor,2025-05-20T17:08:10Z,https://github.com/openxla/xla/issues/26766
27322,openxla/xla,Before commit 004536ff5653df229355765076cc39ee45eb5803,Improper Control of Compilation Availability,IR Transformation Errors,"The HLO horizontal loop fusion/copy fusion optimization can fuse loops in a way that dramatically increases intermediate buffer sizes (order-of-magnitude memory blowup), enabling crafted HLO/models to trigger excessive memory allocation leading to resource exhaustion and potential compiler/runtime crashes.",Horizontal loop fusion can increase memory consumption by order of magnitude,2025-06-02T12:14:09Z,https://github.com/openxla/xla/issues/27322
27446,openxla/xla,Before commit 07732b4715852792d22152f188332f6ada9e15a1,CWE-754: Improper Check for Unusual or Exceptional Conditions,IR Transformation Errors,"During MLIR optimization in the GPU lowering pipeline, folding/canonicalization of a convolution with reverse generates a malformed `xla.apply_indexing` op (invalid indexing map/attributes), which later causes GPU compilation to fail/crash. A crafted model using convolution+reverse can reliably trigger the compiler failure, impacting compilation availability.",GPU compilation failure due to busted `xla.apply_indexing` from `convolution` with `reverse`,2025-06-04T18:27:43Z,https://github.com/openxla/xla/issues/27446
28005,openxla/xla,Before commit 01a9c7873c1c237723e4b02dcd2dc86ae0eabec7,CWE-754: Improper Check for Unusual or Exceptional Conditions,Backend Inconsistencies,"The GPU collective performance modeling logic can be driven into an invalid state by certain collective configurations/shapes, leading to a backend/codegen crash during scheduling/optimization decisions (availability impact via compiler crash).",Gpu collective performance model bug,2025-06-18T20:54:07Z,https://github.com/openxla/xla/issues/28005
28159,openxla/xla,Before commit 0713b9d549f0f08280bceb254bcd02f65e37de73,CWE-682: Incorrect Calculation,Numerical Computing Defects,"The runtime profiling/trace I/O path uses an integer type/accumulator that can overflow on 64-bit systems when a very large number of profiling events are recorded, leading to crash or severe reliability degradation triggered by adversarially large event volumes.",Profiling lots of events causes integer overflow on 64 bit systems,2025-06-24T09:32:51Z,https://github.com/openxla/xla/issues/28159
28959,openxla/xla,Before commit 08dfccaf2e23897243adbd364d54b8b858c8fcb4,Improper Control of Compilation Availability,Backend Inconsistencies,"During GPU backend autotuning, the compiler assumes a real, responsive GPU execution environment; when GPU interactions are mocked, the autotuning path can block indefinitely (e.g., waiting for device/stream/event completion or timing results that never arrive), causing a compiler hang and loss of compilation availability.",GPU mocking hangs the compiler (in autotuning),2025-07-16T09:21:23Z,https://github.com/openxla/xla/issues/28959
30134,openxla/xla,Before commit 13ec2902df37a700ae89e65026dc776fec2dcff3,CWE-754: Improper Check for Unusual or Exceptional Conditions,Invariant Violations,"HloEvaluator crashes when evaluating HLO containing a dynamic loop, indicating missing handling and/or validation for dynamic loop semantics in the IR interpreter path, allowing a crafted model/program to trigger a denial-of-service via crash.",Bug: HloEvaluator cannot work with dynamic loop,2025-08-12T16:05:10Z,https://github.com/openxla/xla/issues/30134
31344,openxla/xla,Before commit 06509f6c0965541aaecb8c0cea2afe1cfd82caad,Improper Control of Compilation Availability,Backend Inconsistencies,"The report indicates a ROCm-specific failure in PjRt multi-replica execution (launch/synchronization) that can lead to crashes or excessive resource use, impacting availability. No evidence is provided of incorrect results or memory-safety beyond availability loss, but the stated impact matches a DoS-style availability issue.",fix rocm7.0.2 test on TransformerEngine branch release_v2.1_rocm,2025-09-15T08:47:02Z,https://github.com/openxla/xla/issues/31344
32222,openxla/xla,Before commit 204266d22b9a59d03bffccb9480522a4b7875594,CWE-754: Improper Check for Unusual or Exceptional Conditions,Invariant Violations,"A newly inserted HLO verifier between pre-scheduling and post-scheduling enforces invariants that are not valid for mixed-precision HLO at that pipeline point, causing verifier failure/crash and breaking compilation (availability impact) for certain valid mixed-precision models.",HLO verifier added between pre-scheduling and post-scheduling pipeline breaking compilation with mixed precision,2025-10-03T20:44:18Z,https://github.com/openxla/xla/issues/32222
32385,openxla/xla,Before commit 09c408a4f7299285f8a4c550083832b12e8ab9bd,CWE-754: Improper Check for Unusual or Exceptional Conditions,Backend Inconsistencies,"The GPU runtime path for jax.nn.dot_product_attention relies on cuDNN execution plan selection; on CUDA 13 this selection can fail in an unhandled way, leading to a crash instead of gracefully falling back or reporting a recoverable error. A crafted model/input that triggers this attention path can therefore cause denial of service via runtime crash.",CUDNN jax.nn.dot_product_attention fails on CUDA 13,2025-10-08T00:04:07Z,https://github.com/openxla/xla/issues/32385
32426,openxla/xla,Before commit 09c408a4f7299285f8a4c550083832b12e8ab9bd,Improper Control of Compilation Availability,Invariant Violations,"The runtime (PjRt/ThunkExecutor scheduling) can execute synchronous Python callbacks from a thread different from the one that initiated the call, violating Python callback/threading assumptions and leading to crashes or pathological blocking/resource exhaustion (e.g., deadlock or runaway thread contention) when triggered by crafted execution schedules/models.",Synchronous Python callbacks from non-calling thread,2025-10-08T17:22:49Z,https://github.com/openxla/xla/issues/32426
32635,openxla/xla,Before commit 004608e9451980c2bb479ac220a7b2b80e70db7d,CWE-754: Improper Check for Unusual or Exceptional Conditions,Backend Inconsistencies,"A crafted or otherwise valid 4D convolution HLO triggers a crash during HLO-to-MLIR GPU emission and/or subsequent MLIR canonicalization/folding, indicating missing defensive checks/robust handling of an unusual convolution configuration and resulting in a compiler denial-of-service (availability) via crash.",Crash in MLIR emitters for 4D convolution,2025-10-13T16:05:11Z,https://github.com/openxla/xla/issues/32635
32845,openxla/xla,Before commit 02dcd87e287f257b60102052caa9bf3c734b9360,CWE-617: Reachable Assertion,Invariant Violations,"The IR verifier (HLO verifier) contains an internal check/assertion that is reachable when a CollectivePermute involves mixed floating-point precisions in a multi-GPU setting. Instead of gracefully rejecting/normalizing the IR or emitting a diagnostic, the verifier fails (crashes), allowing a crafted model/HLO module to trigger a denial-of-service during compilation/verification.",Verifier failure on collective permute with mixed floating point precision (on multi-GPU),2025-10-17T15:35:22Z,https://github.com/openxla/xla/issues/32845
250,pytorch/glow,Before commit 014f8779ddd0925ecaeac72224dd42c4eb819759,CWE-20: Improper Input Validation,Invariant Violations,"The runtime does not properly detect/handle the exceptional condition of calling runBatch on a network compiled in Infer mode, leading to a crash/undefined error instead of a clear, safely handled failure. A crafted or mismatched model/execution configuration can trigger this availability-impacting failure.",ExecutionEngine.runBatch fails with weird error when it's run on a network compiled with Infer mode,2018-01-11T06:51:38Z,https://github.com/pytorch/glow/issues/250
366,pytorch/glow,Before commit 29735c964bd0d6ee544bae41483976511e3928f8,Improper Control of Compilation Availability,Memory Management Defects,"In readPngImage(), when PNG decoding/reading fails, allocated resources are not released (missing cleanup/free on failure), causing a memory leak that can be triggered repeatedly with malformed/unreadable images, leading to resource exhaustion and degraded runtime availability.",readPngImage() leaks memory when image fails to read,2018-01-26T17:58:39Z,https://github.com/pytorch/glow/issues/366
1076,pytorch/glow,Before commit 3e19f4ed53d8e20f048d7c07d3b8432cfcabd67f,CWE-704: Incorrect Type Conversion or Cast,Backend Inconsistencies,"The OpenCL backend generates a kernel signature that includes (or nests) the host-specific type `size_t`, which is disallowed for `__kernel` arguments in the targeted OpenCL C environment. This causes `clBuildProgram` to fail during kernel compilation/setup, leading to a crash/denial of service when compiling or running affected models.","[OpenCL] clBuildProgram Failed. __kernel function cannot have argument whose type is, or contains, type size_t.",2018-05-24T17:29:04Z,https://github.com/pytorch/glow/issues/1076
1157,pytorch/glow,Before commit 0639b62e49048ce41b3baa96ab3a2ede3babcfff,Improper Control of Compilation Availability,Memory Management Defects,"Compiling the ResNet-50 example triggers a segfault during code generation, indicating the backend can generate incorrect/unsafe code leading to crashes and potential memory corruption from a crafted model/program.",Resnet 50 example segfault,2018-06-20T16:39:51Z,https://github.com/pytorch/glow/issues/1157
1255,pytorch/glow,Before commit 012e89567174d4760f66d7a4cc617a11091532a4,Improper Control of Compilation Availability,Memory Management Defects,"The OpenCL backend fails to correctly release allocated GPU/host resources during runtime execution, causing memory usage to grow over time and enabling resource exhaustion (availability impact) when running models repeatedly or with crafted workloads.",OpenCL backend leaks memory,2018-07-11T17:38:37Z,https://github.com/pytorch/glow/issues/1255
1474,pytorch/glow,Before commit 2641119b4238a31624239e3794911c74232e3351,Incorrect Preservation of Model Semantics,Numerical Computing Defects,"The quantization flow (profile generation/loading) does not correctly account for broadcasted tensor shapes when computing/applying quantization parameters, which can yield inconsistent inference results and may also trigger crashes due to mismatched assumptions about tensor dimensions.",Potential problem in the quantization flow in case of broadcasting,2018-08-17T10:03:20Z,https://github.com/pytorch/glow/issues/1474
1492,pytorch/glow,Before commit 0f3eb1ed8636e5a3a85ad8b933e6a0835bd8a6dd,Improper Control of Compilation Availability,Memory Management Defects,"ConcatNode::getInputName() returns a const reference to a temporary std::string, leaving callers with a dangling reference. Subsequent use can trigger use-after-free/undefined behavior leading to memory corruption and crashes during IR/graph metadata access.",`ConcatNode::getInputName()` returns a reference to temporary string.,2018-08-21T10:22:32Z,https://github.com/pytorch/glow/issues/1492
1512,pytorch/glow,Before commit 0e541f8b9c300ec717c102f7bcc2f6bf0bbb08ff,CWE-682: Incorrect Calculation,Numerical Computing Defects,"Glow's quantization strategy for Softmax can produce inconsistent or incorrect inference outputs versus the expected floating-point semantics, indicating a semantic mismatch introduced during IR/type inference/verification and quantized lowering rather than a hard crash.",[RFC] Softmax quantization problematic,2018-08-23T11:56:34Z,https://github.com/pytorch/glow/issues/1512
1517,pytorch/glow,Before commit 0e541f8b9c300ec717c102f7bcc2f6bf0bbb08ff,CWE-20: Improper Input Validation,Invariant Violations,"The issue describes that malformed or invalid graphs are not robustly detected/handled with proper error reporting, leading to crashes (and potentially inconsistent inference behavior) when adversarial or malformed model graphs reach IR verification/front-end validation instead of being safely rejected.","[RFC] Error reporting, malformed graph, and general resilience",2018-08-23T19:30:24Z,https://github.com/pytorch/glow/issues/1517
1580,pytorch/glow,Before commit 07723af2d5ff92e652ae6a8f436ff0c94c0a9d7b,CWE-20: Improper Input Validation,Invariant Violations,"The ONNX frontend/importer in Glow (prior to commit 07723af2d5ff92e652ae6a8f436ff0c94c0a9d7b) can be driven to crash when loading certain PyTorch-generated ONNX graphs, indicating missing robustness checks/handling for unexpected ONNX node/attribute/value combinations during model import, resulting in a denial-of-service via crafted model input.",Pytorch generated ONNX graph with GLOW,2018-09-04T21:12:54Z,https://github.com/pytorch/glow/issues/1580
1736,pytorch/glow,Before commit 14cd64d0df273a599b72e46530342f6be1daa041,CWE-617: Reachable Assertion,Invariant Violations,"The ONNX loader can be driven by a crafted/invalid ONNX model into an out-of-range access (Index >= Length), triggering an internal assertion (""Invalid index!"") and crashing the compiler during model import, indicating insufficient input validation before indexing.","Assertion failed: (Index < Length && ""Invalid index!"") when testing glow using onnx",2018-09-28T00:16:10Z,https://github.com/pytorch/glow/issues/1736
1750,pytorch/glow,Before commit 14cd64d0df273a599b72e46530342f6be1daa041,CWE-754: Improper Check for Unusual or Exceptional Conditions,Invariant Violations,"Saving the MNIST example as a bundle triggers a crash in the LLVM IR generation/bundle saving path due to missing/incorrect handling of an exceptional state (e.g., unsupported configuration or invalid internal assumptions), causing compilation to terminate instead of failing gracefully.",Error when saving mnist example as bundle,2018-09-29T18:14:09Z,https://github.com/pytorch/glow/issues/1750
1755,pytorch/glow,Before commit 28012c8e495e3c8fa1fffbd0fdfd47abff3f5c90,CWE-754: Improper Check for Unusual or Exceptional Conditions,Invariant Violations,"The ONNXIFI/ONNX-to-Glow IR translation path can be driven into a crash by certain ONNX test cases, indicating missing robustness checks/handling for unusual or unsupported graph/operator attributes during model import, resulting in a denial-of-service condition (compiler/runtime availability loss).",[ONNXIFI] Crashes on several onnx test cases.,2018-10-01T18:04:42Z,https://github.com/pytorch/glow/issues/1755
1800,pytorch/glow,Before commit 1da1109b4f1264ec1cc21bf9af949d9f0ddcf03c,CWE-754: Improper Check for Unusual or Exceptional Conditions,Invariant Violations,"In Glow versions before commit 1da1109b4f1264ec1cc21bf9af949d9f0ddcf03c, the bundle (AOT) generation path is broken and can crash during code generation, indicating missing validation/robust handling of bundle-specific assumptions and exceptional cases, allowing crafted models/configurations to trigger a compiler availability failure.",[bundles] Bundles are broken,2018-10-04T23:49:09Z,https://github.com/pytorch/glow/issues/1800
1973,pytorch/glow,Before commit 1f36190408645c2f325d966f8ed2667dcf7c4b45,CWE-617: Reachable Assertion,Invariant Violations,"A crafted or malformed ONNX/Protobuf model can trigger an internal assertion failure during frontend/model import (ModelRunner/ProtobufLoader), causing the compiler/runtime to abort and crash instead of handling the condition gracefully.",ModelRunner failing assertion,2018-11-07T22:17:04Z,https://github.com/pytorch/glow/issues/1973
1992,pytorch/glow,Before commit 3369d9ca8dcca370d3381f0288d68a121d319e50,CWE-754: Improper Check for Unusual or Exceptional Conditions,Tensor Mapping Defects,"A recent refactor caused the `-convert-inout-to-fp16` graph-construction/frontend transformation to run in an invalid order or with unmet prerequisites, leading to a crash when loading/constructing the model graph with this flag enabled.",[ImageClassifier] Broken `-convert-inout-to-fp16` due to recent refactoring,2018-11-08T23:45:37Z,https://github.com/pytorch/glow/issues/1992
2026,pytorch/glow,Before commit 1b71b300fa3cad63a5ef63059bb31e37c8361201,CWE-20: Improper Input Validation,Invariant Violations,"The ONNXIFI interface layer fails to properly validate/recognize invalid or stale IDs (e.g., backend/graph/event handles), allowing crafted or incorrect IDs to reach runtime code paths that assume validity, leading to a crash.",[ONNXIFI] onnxifi interface implementation can't identify invalid IDs,2018-11-15T00:24:21Z,https://github.com/pytorch/glow/issues/2026
2059,pytorch/glow,Before commit 032a61ae8e4917ad7e172d7d87feeed70abed448,CWE-682: Incorrect Calculation,Numerical Computing Defects,"The CPU backend FunctionSpecializer performs arithmetic on sizes/offsets/costs using insufficiently wide integer types or without overflow checks, allowing crafted models/tensor shapes to trigger overflow that leads to invalid memory/logic states and crashes (and potentially inconsistent inference behavior).",[Bug] Overflow in FunctionSpecializer,2018-11-20T03:28:28Z,https://github.com/pytorch/glow/issues/2059
2073,pytorch/glow,Before commit 6a3eb060dbdfb799a819a220310136c9526f2a6c,CWE-682: Incorrect Calculation,Numerical Computing Defects,"Using the -ffast-math build flag enables non-IEEE floating-point optimizations (e.g., assuming no NaNs/Infs, reassociation), which can alter NaN propagation and comparison behavior at runtime, leading to inference result inconsistencies versus the original model semantics.",Issue using -ffast-math with NaN,2018-11-23T20:32:03Z,https://github.com/pytorch/glow/issues/2073
2104,pytorch/glow,Before commit 0463fc6f750c5727eb028aef8517c66196192234,Improper Control of Compilation Availability,Memory Management Defects,"The OpenCL runtime path leaks allocated resources (e.g., device buffers/contexts/command queues or related host-side objects) across executions, allowing crafted workloads or repeated runs to exhaust memory and eventually crash or hang the process, impacting inference availability.",[GLOW] Memory leaking in opencl and build issues,2018-11-30T17:37:17Z,https://github.com/pytorch/glow/issues/2104
2123,pytorch/glow,Before commit 018a598ff0a233f6e541918a5ce987325a516921,CWE-754: Improper Check for Unusual or Exceptional Conditions,Invariant Violations,"During runtime JIT execution/object emission, LLVM's GDBRegistrationListener is invoked more than once, triggering a fatal error/assertion (""Second attempt to perform debug registration"") and crashing the process. A crafted or repeated compilation/execution path can reach this condition, causing a denial-of-service via crash.","Error in LLVM GDBRegistrationListener.cpp: ""Second attempt to perform debug registration.""",2018-12-05T18:01:17Z,https://github.com/pytorch/glow/issues/2123
2135,pytorch/glow,Before commit 62ba53e93fa512c81745eec09b4f5a97861a3090,Improper Control of Compilation Availability,Others,"After a prior change (#2122), the text-translator path is broken, leading to a crash during frontend/model loading. This is an availability issue triggered by certain inputs/models rather than a correctness or memory-safety flaw described in the report.",text-translator is broken after #2122,2018-12-07T01:20:49Z,https://github.com/pytorch/glow/issues/2135
2165,pytorch/glow,Before commit 07a4327842e38af134b7a040d2ea49029748e8ce,Incorrect Preservation of Model Semantics,Numerical Computing Defects,"The early IR optimization pass folds Quantize(Constant) into a Constant before lowering, but this transformation is not semantics-preserving across later lowering/post-lowering quantization handling, leading to inference result inconsistencies due to mismatched quantization parameters/rounding behavior.",Delay the 'Quantize(Constant)->Constant' optim until after post-lowering.,2018-12-12T10:02:13Z,https://github.com/pytorch/glow/issues/2165
2187,pytorch/glow,Before commit 1e6499d1f2372b9973aa6e4e7dee0901822267d2,CWE-754: Improper Check for Unusual or Exceptional Conditions,Invariant Violations,"The ONNXIFI GraphAPI graph-construction functions lacked safe ""orErr"" variants, causing failures during model loading/graph creation to propagate as crashes instead of being handled and reported as recoverable errors, enabling denial-of-service via malformed or unexpected inputs.","[ONNXIFI][GraphAPI] Add ""orErr"" methods for graph creation api",2018-12-17T23:27:54Z,https://github.com/pytorch/glow/issues/2187
2188,pytorch/glow,Before commit 1e6499d1f2372b9973aa6e4e7dee0901822267d2,CWE-20: Improper Input Validation,Tensor Mapping Defects,"The ONNXIFI frontend model import path lacked sufficient validation/precondition checks on incoming model structures/attributes, allowing malformed or unexpected models to trigger crashes during loading, impacting compilation/inference availability.",[ONNXIFI] Add additional precondition checks to model loaders,2018-12-17T23:35:42Z,https://github.com/pytorch/glow/issues/2188
2189,pytorch/glow,Before commit 1e6499d1f2372b9973aa6e4e7dee0901822267d2,CWE-754: Improper Check for Unusual or Exceptional Conditions,Memory Management Defects,"The ONNXIFI frontend path (onnxInitGraph through HostManager::addNetwork) does not properly detect/propagate allocation failures, so a crafted or very large model can trigger out-of-memory leading to crashes or resource exhaustion instead of graceful failure.",[ONNXIFI] Handle out of memory errors in onnxInitGraph,2018-12-17T23:55:40Z,https://github.com/pytorch/glow/issues/2189
2195,pytorch/glow,Before commit 18b9de213115c8080edc63d29c009b24234a1c14,CWE-617: Reachable Assertion,Tensor Mapping Defects,"The ONNX operator loader asserts that the requested Reshape output size matches the input tensor size (TR->size() == input.getType()->size()) instead of validating the model and returning a recoverable error. A crafted/malformed ONNX model with an incompatible reshape triggers the assertion and crashes the compiler, impacting availability.","[ONNX] Assertion `TR->size() == input.getType()->size() && ""Reshape to a different size""' failed.",2018-12-18T16:02:56Z,https://github.com/pytorch/glow/issues/2195
2247,pytorch/glow,Before commit 0711bf3e9ad7602abc2beeb0619dbba3d12f547e,Incorrect Preservation of Model Semantics,Tensor Mapping Defects,"The ONNX importer/graph lowering path in Glow (prior to commit 0711bf3e9ad7602abc2beeb0619dbba3d12f547e) can generate Glow IR that is not semantically equivalent to the original ResNet50 ONNX model, producing inconsistent inference outputs across runs/models due to incorrect operator lowering/attribute handling during IR generation.",[model zoo] Different results running ResNet50 models,2019-01-09T10:33:14Z,https://github.com/pytorch/glow/issues/2247
2338,pytorch/glow,Before commit 3fddae49663c0807a3ce0171386be49e100d9a6a,CWE-754: Improper Check for Unusual or Exceptional Conditions,Numerical Computing Defects,"The quantization stage fails (crashes) when compiling the fr2en model in quantized mode, indicating missing/incorrect handling of a model pattern or operator during quantization that leads to a compiler/runtime abort and loss of availability.",Running fr2en quantized is broken,2019-02-04T17:45:58Z,https://github.com/pytorch/glow/issues/2338
2356,pytorch/glow,Before commit 2a37c5aa6ea12eb984c38796d8c1c543153460ff,Incorrect Preservation of Model Semantics,Memory Management Defects,"During IR optimization/memory planning, LocalResponseNormalization was incorrectly marked as in-place (src/dest aliasing), allowing the destination buffer to overwrite the source while it is still needed, producing inference result inconsistencies versus the original model.",LocalResponseNormalization src/dest should not be marked inplace,2019-02-06T16:16:35Z,https://github.com/pytorch/glow/issues/2356
2369,pytorch/glow,Before commit 4fae6b997aae05b96fec68c0ff6b400ae900342f,CWE-20: Improper Input Validation,Invariant Violations,"During frontend IR construction/type checking/validation, Glow can terminate the process (crash) when given certain user-provided inputs/models, indicating missing robustness checks and error handling that allows adversarial or malformed input to cause a denial of service.",Glow shouldn't crash the process upon user input,2019-02-10T01:05:16Z,https://github.com/pytorch/glow/issues/2369
2395,pytorch/glow,Before commit 9c2621f6f27f8f8bcd1069bca4bfc1752eb8b63c,Incorrect Preservation of Model Semantics,Numerical Computing Defects,"Running quantization after lowering changes how FullyConnected is represented/handled, leading to inconsistent or incorrect quantized inference results due to transformations that are not semantics-preserving under the later quantization pass.",Quantizing after lowering causes issues with FullyConnected,2019-02-14T10:40:51Z,https://github.com/pytorch/glow/issues/2395
2413,pytorch/glow,Before commit 39df50322d26dbd92a46199070ce6379927a2100,CWE-754: Improper Check for Unusual or Exceptional Conditions,Numerical Computing Defects,"A malformed or adversarial model graph that triggers Depthwise convolution after lowering can cause the quantization/profiling pipeline to mis-handle the lowered IR (e.g., unexpected node forms/shapes), leading to crashes or pathological resource consumption during graph transformation, impacting compilation/inference availability.",Quantizing/profiling after lowering and DepthWise convolution,2019-02-20T19:22:43Z,https://github.com/pytorch/glow/issues/2413
2432,pytorch/glow,Before commit 60b21bc6adb5444c079ac63899fcd037a57768dc,CWE-754: Improper Check for Unusual or Exceptional Conditions,Tensor Mapping Defects,"The ONNX frontend/importer mishandles certain Pad operator inputs/attributes (as evidenced by failing ONNXImporterTest importPad expectations), leading to a crash during ONNX model import and thus a denial-of-service condition when compiling crafted ONNX models.",ONNXImporterTest importPad tests expected results?,2019-02-23T02:49:10Z,https://github.com/pytorch/glow/issues/2432
2460,pytorch/glow,Before commit 070917090b32239ae3fe83dab76d6ceb7b90b414,CWE-787: Out-of-bounds Write,Memory Management Defects,"The runtime/JIT execution on Windows can corrupt the stack in a spawned (child) thread, indicating an out-of-bounds write to stack memory (e.g., via incorrect buffer sizing/calling convention/stack allocation), leading to memory corruption and crashes triggered during execution.",Stack corruption in child thread on windows.,2019-02-27T22:01:08Z,https://github.com/pytorch/glow/issues/2460
2522,pytorch/glow,Before commit 685551aec412ae8bd4adc0b276d28d380f5d3f8f,Incorrect Preservation of Model Semantics,Tensor Mapping Defects,"In the Caffe2ModelLoader frontend, the inferred/output tensor shape for the C2 FC op is computed incorrectly during import/lowering, which can propagate wrong dimensions into subsequent nodes, causing inconsistent inference results and potentially triggering crashes when later passes/runtime assume the correct shape.",Need to output correct shape for C2 FC op,2019-03-12T08:48:07Z,https://github.com/pytorch/glow/issues/2522
2532,pytorch/glow,Before commit 65e7c58bf1dd916304e6f6a9fb18b8c4d084b95f,CWE-787: Out-of-bounds Write,Memory Management Defects,"In the ONNXIFI runtime/backend output handling path, Glow copies computed results into caller-provided output buffers without verifying that the destination tensor has sufficient size, allowing a crafted model or mismatched output metadata to trigger an out-of-bounds write leading to memory corruption or a crash.",[ONNXIFI] Check output tensor size before copying back results,2019-03-13T19:56:14Z,https://github.com/pytorch/glow/issues/2532
2537,pytorch/glow,Before commit 19da415cd9de2bc1e47e09e9629845ea9132a976,CWE-617: Reachable Assertion,Invariant Violations,"The ExecutionEngine/runtime triggers an LLVM assertion under certain execution/error-handling conditions, causing an immediate abort when LLVM is built with assertions, enabling a crafted model/program to crash the process (availability impact).",Crashes with LLVM built with assertions,2019-03-14T08:53:36Z,https://github.com/pytorch/glow/issues/2537
2557,pytorch/glow,Before commit 8cf8f8ee8c36c57f26e0d322c5058a183ba9493e,CWE-754: Improper Check for Unusual or Exceptional Conditions,Invariant Violations,"During Graph/IR construction, the compiler uses a fixed/limited pool (e.g., 10,000) of unique IDs for naming/identification; adversarially large models can exhaust this space, causing collisions and triggering a crash, impacting compilation availability.","10,000 unique ids is not enough",2019-03-16T00:29:26Z,https://github.com/pytorch/glow/issues/2557
2586,pytorch/glow,Before commit 0508b5074dec802735e7065bd38abbefc8bdbad8,CWE-754: Improper Check for Unusual or Exceptional Conditions,Invariant Violations,"During quantization profiling/profile loading, the compiler attempts to open/read a quantization profile without first verifying that the profile path is provided and the file exists/is accessible, leading to a crash when the profile is absent or invalid.",Check for quantization profile before trying to open it,2019-03-24T21:16:17Z,https://github.com/pytorch/glow/issues/2586
2628,pytorch/glow,Before commit 0eb26508d1e1793da8c1e8281221f50b07338aa6,CWE-476: NULL Pointer Dereference,Memory Management Defects,"Calling handle.dump() can dereference a null/invalid internal buffer or type/shape metadata pointer during tensor/handle debug printing, leading to a segmentation fault and crash.",handle.dump() segfault ,2019-04-01T02:30:21Z,https://github.com/pytorch/glow/issues/2628
2681,pytorch/glow,Before commit 04eb321388f985da8bbf55917f982145fccbf49b,CWE-248: Uncaught Exception,Invariant Violations,"At runtime, HostManager triggers a std::function that has not been properly initialized (or has been moved-from), causing std::bad_function_call to be thrown and not handled, leading to a crash and loss of availability.",std::bad_function_call when using HostManager,2019-04-09T04:52:03Z,https://github.com/pytorch/glow/issues/2681
2694,pytorch/glow,Before commit 04eb321388f985da8bbf55917f982145fccbf49b,CWE-754: Improper Check for Unusual or Exceptional Conditions,IR Transformation Errors,"HostManager fails to call the expected optimize() step on Functions during IR optimization/graph lowering, leaving IR in an unoptimized/invalid state that can trigger a crash (availability loss) when compiling or running certain models.",HostManager not calling optimize on its Functions?,2019-04-09T21:57:54Z,https://github.com/pytorch/glow/issues/2694
2736,pytorch/glow,Before commit 13a8a6228599bd30c180a58f3ed1ea78c32b27db,CWE-682: Incorrect Calculation,Numerical Computing Defects,"The CPU backend/runtime lowering for quantized Div does not guard against a zero divisor, allowing crafted inputs/models to trigger a divide-by-zero fault and crash during execution.",quantized div divides by zero on CPU,2019-04-17T16:51:03Z,https://github.com/pytorch/glow/issues/2736
2806,pytorch/glow,Before commit 03a5c8ad10fa603b8ee87d72ded2c2a3f0d86484,Improper Control of Compilation Availability,Memory Management Defects,"Random failures in OpenCL operator tests indicate a runtime execution/teardown defect (e.g., improper synchronization or lifetime management of OpenCL resources) that can corrupt memory and crash the process, impacting availability when triggered during OpenCL backend execution.",The operator test fails randomly on OpenCL,2019-04-26T05:17:56Z,https://github.com/pytorch/glow/issues/2806
2816,pytorch/glow,Before commit 0663d894cf2ca90d24c9a46b96d2402b7d89c3a2,CWE-754: Improper Check for Unusual or Exceptional Conditions,Invariant Violations,"The runtime/execution path in example binaries does not correctly enforce or gracefully handle the HostManager active request limit, allowing crafted or excessive request patterns to trigger crashes or resource exhaustion (availability impact).",Example binaries should handle HostManager active request limit,2019-04-29T19:39:57Z,https://github.com/pytorch/glow/issues/2816
2835,pytorch/glow,Before commit 421d0a577e57d4ae9e9df617698f11a2a0030f41,CWE-754: Improper Check for Unusual or Exceptional Conditions,Backend Inconsistencies,"The OpenCL backend fails for most example applications because required kernels (e.g., elementselectW16) are not generated/registered and certain operations (e.g., decoder_output_concat1) are not supported, causing crashes or hard failures during code generation/execution.",[OpenCL] all but one of the example applications fail (cannot find elementselectW16 kernel or decoder_output_concat1 operation not supported),2019-05-01T15:25:06Z,https://github.com/pytorch/glow/issues/2835
2836,pytorch/glow,Before commit 421d0a577e57d4ae9e9df617698f11a2a0030f41,CWE-754: Improper Check for Unusual or Exceptional Conditions,Backend Inconsistencies,"During LLVM IR/code generation, the compiler uses x86_64-specific assumptions or paths without validating/guarding target architecture support, causing compilation to fail/crash when a non-x86_64 target is selected.",Unable to compile for targets other than x86_64,2019-05-01T16:05:36Z,https://github.com/pytorch/glow/issues/2836
2855,pytorch/glow,Before commit 25a144c48f42408cff200bcaaa38d96579724d8f,CWE-754: Improper Check for Unusual or Exceptional Conditions,Invariant Violations,"HostManager::removeNetwork does not properly validate/handle exceptional conditions (e.g., removing a non-existent or in-use network) and fails to return an error status, leading to a runtime crash instead of graceful failure.",[runtime] removeNetwork should return error,2019-05-04T18:34:53Z,https://github.com/pytorch/glow/issues/2855
2982,pytorch/glow,Before commit 1433013f2f5895deee92bd6ecdae5969b758268f,Improper Control of Compilation Availability,Memory Management Defects,"The issue reports a reproducible crash in Debug+ASAN when running RecommendationSystemTest, indicating a memory-safety defect (e.g., out-of-bounds/invalid access) in the IR construction/constant generation path that can terminate compilation/inference availability when triggered by specific models/tests.",RecommendationSystemTest fails in Debug+ASAN,2019-05-24T23:31:55Z,https://github.com/pytorch/glow/issues/2982
3019,pytorch/glow,Before commit 0af7753aad5449b2c275e1525eeab46b7690ffd3,Improper Control of Compilation Availability,Memory Management Defects,"In the code generation/object emission path (bundle generation/relocation handling), BundleConfig accesses symbol name data via a SymbolTable* without ensuring the pointer (or required symbol entries) is valid, leading to a SIGSEGV crash and compilation/inference availability impact.",Accessing names of symbols from SymbolTable* inside BundleConfig causes SIGSEGV,2019-05-31T01:17:45Z,https://github.com/pytorch/glow/issues/3019
3026,pytorch/glow,Before commit 0af7753aad5449b2c275e1525eeab46b7690ffd3,Improper Control of Compilation Availability,Others,"The report indicates RecSys unit/CI tests are flaky and sometimes crash during runtime/execution, implying nondeterministic failure that can impair availability; no concrete evidence of a crafted input/model exploit or specific memory-safety bug is provided in the issue description.",[Unittest/CI] RecSys seems to be flaky,2019-05-31T18:02:32Z,https://github.com/pytorch/glow/issues/3026
3171,pytorch/glow,Before commit 35b41fa8a394dc2e6b91b8cd3b36f9c5c789139c,CWE-754: Improper Check for Unusual or Exceptional Conditions,Invariant Violations,"A change in Loader.cpp’s default constructor introduced incorrect/unsafe initialization behavior during CLI/model loader setup, causing the frontend/model-loading path to crash and thereby impacting compilation availability.",New logic in Loader.cpp default constructor seems counterintuitive,2019-06-25T22:43:30Z,https://github.com/pytorch/glow/issues/3171
3183,pytorch/glow,Before commit 3a1de345a0173f0e978dd72ecc8aa40c48c7ff7a,CWE-704: Incorrect Type Conversion or Cast,Numerical Computing Defects,"The optimizeConversions pass incorrectly assumes certain type casts are no-ops and removes/folds them during IR optimization, but those conversions can change values (e.g., due to precision/rounding/saturation differences). This leads to compiled graphs producing inference results inconsistent with the original model.",[Bug] optimizeConversions is too optimistic about what casts are NOOP,2019-06-27T01:02:07Z,https://github.com/pytorch/glow/issues/3183
3217,pytorch/glow,Before commit 99b657159f5bc46fde9dca728264ff84848453e6,Improper Control of Compilation Availability,Invariant Violations,"The IR verification/instrumentation pipeline does not robustly handle certain IR/module states under the -instrument-debug flag, leading to a compiler crash (availability impact) instead of safely rejecting or skipping instrumentation.",Error with the flag: -instrument-debug,2019-07-10T12:04:47Z,https://github.com/pytorch/glow/issues/3217
3221,pytorch/glow,Before commit 05c925ecd21a89080470b4355ebf6ee0c10bed74,CWE-20: Improper Input Validation,Invariant Violations,"The loader allows selecting or reaching an unsupported backend while running in interpreter mode, leading to a runtime crash instead of rejecting the configuration/input gracefully. A crafted model/configuration that triggers backend selection can cause denial of service via crash.",Loader must guard against unsupported backends in interpreter mode,2019-07-11T01:13:39Z,https://github.com/pytorch/glow/issues/3221
3328,pytorch/glow,Before commit 3337530382d542d197b8a7d0748d440111df4e23,CWE-617: Reachable Assertion,Numerical Computing Defects,"The graph-level constant deduplication pass compares Constant values in a way that fails for NaN (NaN != NaN), causing the deduplicateConstants assertion to deterministically trigger when a model contains NaN constants, leading to a compiler crash and loss of availability.",deduplicateConstants assert will always fire if Constant contains NaN,2019-07-30T14:07:50Z,https://github.com/pytorch/glow/issues/3328
3497,pytorch/glow,Before commit 7799af8fc66c4c5b5104ff16044fb0a6b2f90fdb,CWE-20: Improper Input Validation,Tensor Mapping Defects,"During training execution, a tensor slicing operation can be invoked with an invalid slice size, which is not robustly checked/handled and results in a runtime crash (""Invalid slice size""), allowing a crafted model/input to trigger denial of service.","[Training] resnet-training example not working ""Invalid slice size""",2019-09-10T19:16:37Z,https://github.com/pytorch/glow/issues/3497
3504,pytorch/glow,Before commit be72ad505d3ee5dc6496851d01b0f07276e3f800,CWE-754: Improper Check for Unusual or Exceptional Conditions,Invariant Violations,"A code path introduced in commit a28e332 uses an LLVM/Glow Expected<T> without checking/handling the error state; when the Expected contains an error during code generation/JIT linking, it triggers an unhandled failure (e.g., abort/exception), causing a crash and impacting compilation/inference availability.",Unchecked Expected introduced in a28e332,2019-09-12T01:02:12Z,https://github.com/pytorch/glow/issues/3504
3530,pytorch/glow,Before commit 06a770108191cedf648f0f7218eb17fa9370bbba,CWE-682: Incorrect Calculation,Numerical Computing Defects,"GradCheckTest.gradientCheckMatMul fails only for certain input sizes, indicating the runtime MatMul (or its gradient) produces incorrect results for particular dimensions/strides (e.g., shape-dependent indexing/accumulation/precision behavior), leading to incorrect gradient calculations rather than a crash.",[Grad] GradCheckTest.gradientCheckMatMul fails for certain input sizes,2019-09-19T00:09:06Z,https://github.com/pytorch/glow/issues/3530
3540,pytorch/glow,Before commit f43ccac65d50d2948ff49adb424cd211882d0069,CWE-617: Reachable Assertion,Invariant Violations,"During the post-training quantization/calibration pass, a code path reads uninitialized values, causing a deterministic assertion failure in QuantizationTest. A crafted or malformed model/input that exercises this path can reliably crash the compiler/runtime, degrading availability.",QuantizationTest assert due to uninitialized data,2019-09-21T03:51:39Z,https://github.com/pytorch/glow/issues/3540
3559,pytorch/glow,Before commit 0710601718ba0c5ee8d61ad2e33e04c9ca6c80e3,CWE-754: Improper Check for Unusual or Exceptional Conditions,Others,"The issue report indicates that running the resnet-training example causes a crash at runtime in versions before the referenced commit, implying a defect in runtime handling (e.g., missing checks/unsupported op path) that breaks availability when executing this workload.",[examples] resnet-training is broken,2019-09-26T19:32:20Z,https://github.com/pytorch/glow/issues/3559
3676,pytorch/glow,Before commit 075643a7e87d284ae25ab1e6c9ab6383773f0b8b,CWE-754: Improper Check for Unusual or Exceptional Conditions,Invariant Violations,"During IR construction/graph building, the compiler assumes generated node/value names are unique; a crafted model/graph can trigger a duplicate-name condition (“unique name errorâ€?, causing a crash and potentially repeated retries/resource exhaustion, impacting compilation availability.",unique name error.,2019-10-24T09:28:50Z,https://github.com/pytorch/glow/issues/3676
3802,pytorch/glow,Before commit 49b1a1587d9070409e048f21d292dc39d1b6df27,CWE-754: Improper Check for Unusual or Exceptional Conditions,Backend Inconsistencies,"The OpenCL backend does not implement/lower the LocalResponseNormalization operator, and the compiler fails to handle this unsupported op gracefully (e.g., by rejecting with a controlled error or falling back), resulting in a crash during backend code generation/operator lowering.",[OpenCL] LocalResponseNormalization unsupported,2019-11-21T08:54:20Z,https://github.com/pytorch/glow/issues/3802
3815,pytorch/glow,Before commit 49b1a1587d9070409e048f21d292dc39d1b6df27,Incorrect Preservation of Model Semantics,Tensor Mapping Defects,"During graph optimization/backend lowering for the OpenCL backend, convolution tensors are inconsistently treated as NHWC vs NCHW, causing a layout mismatch. This breaks semantic equivalence (wrong interpretation of dimensions) and can lead to incorrect results or a crash when the backend assumes a different memory layout than what was produced/assigned.",[OpenCL] Convolution NHWC vs. NCHW mismatch,2019-11-23T09:47:03Z,https://github.com/pytorch/glow/issues/3815
3826,pytorch/glow,Before commit 973eb210c1093b111079647eb4a0162bd6d082e9,CWE-754: Improper Check for Unusual or Exceptional Conditions,Invariant Violations,"A regression in IR conversion/graph optimization (precision conversion followed by function verification) causes model-runner to fail/crash when executing a minimal single-node convolution graph, indicating the compiler/runtime cannot robustly handle this valid model pattern and can be driven into a crash (availability impact).",[Regression] model-runner not able to execute convolution single node graph,2019-11-28T10:03:20Z,https://github.com/pytorch/glow/issues/3826
3915,pytorch/glow,Before commit bdb74bdc25dc6e60350d1cbe5239cfc0e5ccf70b,CWE-682: Incorrect Calculation,Tensor Mapping Defects,"At runtime, calculateTensorViewOffset computes offsets for tensor views without properly accounting for strides and/or padding, causing views to reference wrong underlying elements and leading to inconsistent/incorrect inference results compared to the original model semantics.",calculateTensorViewOffset should take strides/padding into account,2019-12-16T21:30:15Z,https://github.com/pytorch/glow/issues/3915
3916,pytorch/glow,Before commit bdb74bdc25dc6e60350d1cbe5239cfc0e5ccf70b,CWE-682: Incorrect Calculation,Numerical Computing Defects,"During post-training quantization profiling/calibration, the computed quantization parameters (e.g., scale/offset) can vary or be numerically unstable, causing intermittent quantization error and unit test failure. This is an incorrect-calculation defect in the quantization pipeline rather than a memory-safety issue.",testFindPixelRegression in tests/unittests/MLTest.cpp intermittently fails with Quantization error,2019-12-16T23:11:10Z,https://github.com/pytorch/glow/issues/3916
3932,pytorch/glow,Before commit 01ac281888e8ac7d5d9b63d7c0bea7d25b1cacb8,CWE-754: Improper Check for Unusual or Exceptional Conditions,Tensor Mapping Defects,"The ONNX frontend importer assumes referenced constants exist and fails when a model contains a reference to a non-existent constant name (e.g., '34'), leading to an unrecoverable error/crash instead of robust validation and graceful rejection.",model-compiler fails with 'Error message: could not find constant with name 34',2019-12-20T08:48:24Z,https://github.com/pytorch/glow/issues/3932
3933,pytorch/glow,Before commit 01ac281888e8ac7d5d9b63d7c0bea7d25b1cacb8,CWE-20: Improper Input Validation,Tensor Mapping Defects,The IR verifier/instruction validation did not properly check that the ExtractTensor instruction’s offsets (and implied slice extents) stay within the source tensor’s allocated bounds. A crafted model/IR could supply invalid offsets leading to out-of-bounds memory access and resulting memory corruption.,Verify Offsets in ExtractTensor Instruction,2019-12-20T15:36:22Z,https://github.com/pytorch/glow/issues/3933
3939,pytorch/glow,Before commit 01ac281888e8ac7d5d9b63d7c0bea7d25b1cacb8,CWE-754: Improper Check for Unusual or Exceptional Conditions,Tensor Mapping Defects,"The ONNXModelLoader frontend crashes when importing an LSTM model, indicating missing/insufficient validation and error handling for certain valid or malformed ONNX LSTM attributes/shapes, allowing a crafted model to trigger a denial-of-service via compiler crash.",error while loading lstm model,2019-12-21T15:09:52Z,https://github.com/pytorch/glow/issues/3939
3987,pytorch/glow,Before commit 08969ece63dfe745f6b46d4a6191b672b906aa6e,CWE-754: Improper Check for Unusual or Exceptional Conditions,Tensor Mapping Defects,"The ONNX importer/frontend did not implement or validate the Slice operator's `steps` attribute (prior to commit 08969ece63dfe745f6b46d4a6191b672b906aa6e), so models using this attribute could trigger an unhandled condition leading to a crash during ONNX model loading.",[Slice node] Add support for steps attribute ,2020-01-08T11:23:48Z,https://github.com/pytorch/glow/issues/3987
3995,pytorch/glow,Before commit 1c34dc6a5b27499c0c63750abf4fe74f16c94aee,CWE-682: Incorrect Calculation,Numerical Computing Defects,"An IR-level optimization folds/cancels a Dequantize(Quantize(x)) pattern but fails to preserve the quantization scale/offset (rescaling) semantics, producing numerically different outputs after optimization and causing inference result inconsistency.",[GraphOptz] Dequantize(Quantize) optimization looses rescaling,2020-01-10T21:26:02Z,https://github.com/pytorch/glow/issues/3995
4030,pytorch/glow,Before commit 47fb2516e0764b7bbada2e9b6692a9319b2913ca,CWE-754: Improper Check for Unusual or Exceptional Conditions,Backend Inconsistencies,"During importer optimization, constant folding attempts to evaluate nodes via the Interpreter; if a node/op is not implemented/supported by the Interpreter, the pass raises an error and crashes compilation instead of gracefully skipping folding or handling the unsupported op.",[Importer] Constant folding raises error if node not supported in Interpreter,2020-01-20T08:04:06Z,https://github.com/pytorch/glow/issues/4030
4150,pytorch/glow,Before commit 1bf0a756f632bfb7f44f8bc5a1f66cf5f6f40ab9,CWE-20: Improper Input Validation,Tensor Mapping Defects,"PyTorchModelLoader does not correctly support or reject tensors/shapes with negative dimension values (used in PyTorch to denote inferred sizes), leading to incorrect shape computation and subsequent memory corruption or crashes when importing crafted models.",[torch_glow] PyTorchModelLoader is missing negative dimension support,2020-02-11T22:45:43Z,https://github.com/pytorch/glow/issues/4150
4209,pytorch/glow,Before commit 6d57f9355ba9a4f7791abdbf9444c59d3ba00cea,CWE-754: Improper Check for Unusual or Exceptional Conditions,Others,"Running the text-translator tool with a specific model/backend combination triggers a crash (availability failure), indicating missing robustness checks/handling in the frontend/model loader or tooling pipeline prior to commit 6d57f9355ba9a4f7791abdbf9444c59d3ba00cea.",$ ./bin/text-translator -m en2gr -backend=CPU not working,2020-02-23T13:24:31Z,https://github.com/pytorch/glow/issues/4209
4210,pytorch/glow,Before commit 3a10b74811d3e287ef39fad0cc5c7fcb14ab8241,CWE-617: Reachable Assertion,Invariant Violations,"The MNIST example can reach a runtime assertion failure in Glow prior to commit 3a10b74811d3e287ef39fad0cc5c7fcb14ab8241, causing a crash (denial of service) when executing the model, indicating an internal invariant is not properly handled/validated before asserting.",Example MNIST erroring on assertion,2020-02-24T19:35:22Z,https://github.com/pytorch/glow/issues/4210
4214,pytorch/glow,Before commit 0546c76b95cfd2a312ae3b6ac1955f1e4501f1f3,CWE-754: Improper Check for Unusual or Exceptional Conditions,Backend Inconsistencies,"During LLVM IR generation / bundle saving, the bundle saver assumes a single-function module (or otherwise mishandles function iteration/state), leading to a crash when a model/module contains multiple functions, enabling a crafted input to trigger a denial-of-service in compilation.",Bundle Saver issue with multiple functions,2020-02-25T21:30:38Z,https://github.com/pytorch/glow/issues/4214
4307,pytorch/glow,Before commit 103cff478c3dfb7e195d0056ee8ef840b0570763,CWE-617: Reachable Assertion,Invariant Violations,"When Glow is built with enableCheckingErrors=true, RuntimeBench triggers internal checking/assertion paths that are not handled gracefully, causing an abort/crash at runtime instead of returning a recoverable error.","RuntimeBench fails if built with ""enableCheckingErrors"" set to true",2020-03-17T14:27:14Z,https://github.com/pytorch/glow/issues/4307
4340,pytorch/glow,Before commit 647e01e67d4b8b65a69b86f9d83d355daaaba92a,CWE-754: Improper Check for Unusual or Exceptional Conditions,Backend Inconsistencies,"The CPU backend’s post-optimization unsupported-node check encounters a Sub node that should have been legalized/lowered earlier, causing compilation to abort (crash) instead of handling the unsupported op gracefully (e.g., by lowering, rejecting with a controlled error, or falling back).",Unsupported node found while compiling Function for backend CPU: Sub,2020-03-24T04:48:31Z,https://github.com/pytorch/glow/issues/4340
4470,pytorch/glow,Before commit e468c745d587acaaf38b3e276fa84c28c408ad05,Improper Control of Compilation Availability,Memory Management Defects,"Node::clone() allocates/duplicates IR node resources without correctly transferring ownership or freeing all associated allocations, causing leaked memory that can be triggered repeatedly during IR construction/graph transformations and lead to resource exhaustion (DoS) when compiling adversarially large or repeatedly-cloned graphs.",[Node] The Node::clone() function has memory leaks.,2020-04-29T13:08:38Z,https://github.com/pytorch/glow/issues/4470
4516,pytorch/glow,Before commit 0d8034b35f0f4fc33fc72a4178d7c9e43cab91f9,CWE-754: Improper Check for Unusual or Exceptional Conditions,Tensor Mapping Defects,"The ONNX frontend/IR construction path does not properly check or implement ConvTranspose2d with group > 1, leading to a crash when importing a crafted ONNX model that sets the group attribute to a value greater than 1.",Load an onnx model with ConvTranspose2d group > 1,2020-05-14T14:47:55Z,https://github.com/pytorch/glow/issues/4516
4741,pytorch/glow,Before commit 3c8b8eb024b139c3a33ac69558461c2fe97bcdce,CWE-20: Improper Input Validation,Invariant Violations,"The ONNX importer/IR verification path can be driven into a crash by a crafted or unexpected ONNX model (e.g., unsupported operator/attribute or inconsistent shapes/types) due to missing defensive checks and graceful error handling, resulting in loss of compilation availability.",[Onnx] Error compiling ONNX model,2020-07-24T14:32:24Z,https://github.com/pytorch/glow/issues/4741
4792,pytorch/glow,Before commit 6333448006aa89d420a3153e94f85d30c18ee719,CWE-682: Incorrect Calculation,Memory Management Defects,"With static placeholders enabled, the runtime uses incorrect buffer size/stride/offset assumptions for placeholder-backed tensors, leading to out-of-bounds memory access detected by AddressSanitizer during RecommendationSystemTest, causing crash and potential memory corruption.",RecommendationSystemTest hits AddressSanitizer issue with static placeholders enabled.,2020-08-06T21:18:02Z,https://github.com/pytorch/glow/issues/4792
4864,pytorch/glow,Before commit 3786a2c564acc280c19cb3e6efbe2e25b855bd9d,CWE-754: Improper Check for Unusual or Exceptional Conditions,Others,"The report indicates a Ninja test error leading to a crash/reliability degradation in Glow's runtime/execution (JIT/libjit). This is an availability-impacting failure (crash) consistent with improper handling of exceptional conditions during execution, though the issue description lacks technical details about the exact failing check or code path.",Ninjia test error,2020-09-07T08:36:56Z,https://github.com/pytorch/glow/issues/4864
4994,pytorch/glow,Before commit 125805cae5c9bca8f5d3da91312124ebcd060e48,Incorrect Preservation of Model Semantics,Numerical Computing Defects,"During profile-guided quantization, the lowering phase changes the graph in a way that is not semantically equivalent under the chosen quantization parameters/scales, leading to inconsistent inference results between the original and lowered/quantized model without an explicit failure.",Quantization problem when lowering,2020-10-15T16:08:42Z,https://github.com/pytorch/glow/issues/4994
5144,pytorch/glow,Before commit 1e191eb6837f816b0c431b906041d3b535b34988,CWE-754: Improper Check for Unusual or Exceptional Conditions,Invariant Violations,"The ONNX frontend crashes when importing/lowering models containing Softmax, indicating missing handling or improper validation of the Softmax op/attributes and leading to a denial-of-service condition (compiler crash) triggered by a crafted model.",model-compiler does not work when using models with softmax,2020-12-08T01:02:36Z,https://github.com/pytorch/glow/issues/5144
5388,pytorch/glow,Before commit 23f20173f87901a617931b6672712f8f4ffad325,CWE-682: Incorrect Calculation,Numerical Computing Defects,"Compiling the resnet50-v2 model in the profile-guided optimization/quantization stage triggers a floating point exception (e.g., divide-by-zero/invalid operation/overflow) that is not checked or handled, causing the compiler to crash and enabling a denial-of-service via a crafted model/profile data.",Floating point exception (core dumped) for the resnet50-v2 model,2021-02-23T09:54:46Z,https://github.com/pytorch/glow/issues/5388
5534,pytorch/glow,Before commit 020168596537cf721fdd3d8aa4dd8ad7b0271fbe,Incorrect Preservation of Model Semantics,IR Transformation Errors,"The LLVM IR code generator marks pointers/parameters as `noalias` when they may actually alias (e.g., overlapping buffers or shared tensor storage). This enables backend optimizations that assume non-aliasing, leading to miscompilations and inconsistent/incorrect inference results rather than a deterministic crash.",[LLVIRCodeGen] Issue with `noalias` attribute,2021-04-09T22:07:03Z,https://github.com/pytorch/glow/issues/5534
5614,pytorch/glow,Before commit 0e72bec70e25d6dca5f3cd91f7a322d1090a74e3,CWE-754: Improper Check for Unusual or Exceptional Conditions,Tensor Mapping Defects,"ONNXModelLoader did not implement/accept the auto_pad=NOTSET case during ONNX parsing/lowering, so a crafted or simply valid ONNX model using this attribute could trigger an unhandled path (e.g., assertion/exception) and crash the importer, impacting compilation availability.",Add support for auto_pad=NOTSET in ONNXModelLoader,2021-04-29T17:33:15Z,https://github.com/pytorch/glow/issues/5614
5729,pytorch/glow,Before commit 256d82ee1feb3fe14df50c3f5d70b9a56a1002c7,Incorrect Preservation of Model Semantics,Numerical Computing Defects,"IR optimization/rewrite/fusion passes in Glow apply transformations that are not semantics-preserving under quantization, leading to inference result inconsistencies between the original and optimized graphs without necessarily crashing.",[Quantization] Graph optimizations are not correct,2021-06-18T07:58:39Z,https://github.com/pytorch/glow/issues/5729
5769,pytorch/glow,Before commit b1efb3924b2afd7ec0d67183b35118e59384fd2e,Improper Control of Compilation Availability,Backend Inconsistencies,"Enabling GLOW_WITH_BUNDLES causes the bundle generation pipeline (IR lowering/memory planning for activation allocation during bundle codegen) to fail during build (ninja all), leading to a compilation availability issue (crash/build failure) prior to commit b1efb3924b2afd7ec0d67183b35118e59384fd2e.",ninja all fails when -DGLOW_WITH_BUNDLES=ON,2021-08-06T04:53:32Z,https://github.com/pytorch/glow/issues/5769
5789,pytorch/glow,Before commit 17b8cee90221893327694a5157b448858e50bdfa,CWE-754: Improper Check for Unusual or Exceptional Conditions,IR Transformation Errors,"The NodeSplitting optimization pass can dereference invalid pointers or access malformed/unsupported node state during graph transformation, leading to a reachable crash (segfault) when compiling certain models/graphs prior to commit 17b8cee90221893327694a5157b448858e50bdfa.",NodeSplitting SegFault,2021-08-23T04:01:11Z,https://github.com/pytorch/glow/issues/5789
5830,pytorch/glow,Before commit 1ebf53d4ca378ae34f22e99ec3396bbdf36d9425,CWE-20: Improper Input Validation,Tensor Mapping Defects,"PyTorchModelLoader::loadSplit assumes non-negative dimension values and does not handle PyTorch-style negative dims (indexing from the end). A crafted model using a negative split dimension triggers an unsupported path leading to a crash during frontend/model loading, impacting compilation availability.",[torch_glow] loadSplit does not support negative dimensions,2021-09-29T18:06:03Z,https://github.com/pytorch/glow/issues/5830
5868,pytorch/glow,Before commit 3563865a25e90f9ed78c2789b6c6d70311581c24,Incorrect Preservation of Model Semantics,Tensor Mapping Defects,"During constant folding/graph lowering, some weights (model parameters) are not correctly preserved or propagated into the compiled graph, leading to missing parameters and inconsistent inference results between the original and compiled model.",Model compilation miss some weights,2021-11-16T00:21:46Z,https://github.com/pytorch/glow/issues/5868
5920,pytorch/glow,Before commit 21102a58fc002bf27a5e12c30e48b270fde5d1e8,CWE-682: Incorrect Calculation,Numerical Computing Defects,"In the interpreter/runtime MaxPool operator, the code assumes the same scale/offset for quantized element kinds (e.g., input/output tensors). When quantization parameters differ, the operator can compute pooled values in the wrong quantized domain, producing inconsistent/incorrect inference results without necessarily crashing.",MaxPool is assuming same scale/offset on quantized element kind types?,2022-03-03T15:27:43Z,https://github.com/pytorch/glow/issues/5920
5926,pytorch/glow,Before commit 2f636c7dd40bb4bc0543edd19a40bc4754c1ca52,CWE-754: Improper Check for Unusual or Exceptional Conditions,Tensor Mapping Defects,"A crafted model using FullyConnected with quantized activations but a float bias triggers an unhandled exceptional condition in the Interpreter operator implementation (missing type/shape handling or checks for this combination), leading to a runtime crash and impacting availability.",FullyConnected with quantized activations and float bias failing on Interpreter,2022-03-16T14:36:38Z,https://github.com/pytorch/glow/issues/5926
5935,pytorch/glow,Before commit 54294121cf243bad91440f21fb3617425a4152f5,CWE-754: Improper Check for Unusual or Exceptional Conditions,Invariant Violations,"The ONNX frontend/importer fails to robustly handle certain tf2onnx-converted MobileNetV2 graphs, leading to an error/crash during model loading instead of graceful rejection or fallback, enabling a crafted ONNX model to trigger a denial-of-service in compilation.",[AOT]Model Compiler shows error for tf2onnx converted onnx MobileNetV2 model,2022-04-10T14:04:54Z,https://github.com/pytorch/glow/issues/5935
5963,pytorch/glow,Before commit 6aafd640aea7ab8944219b1437096b5a5adb8fc8,CWE-754: Improper Check for Unusual or Exceptional Conditions,Others,"The model-tuner/profiling tool crashes when executing the lenet-mnist model (pre-fix commit 6aafd640...), indicating missing robustness checks/exception handling for certain model/runtime conditions, allowing a crafted or simply incompatible model to trigger a denial-of-service via crash.",Model-Tuner error on lenet-mnist model,2022-06-06T13:46:09Z,https://github.com/pytorch/glow/issues/5963
5985,pytorch/glow,Before commit a2036bd33e5a703ef1fd1d911a75c5e9aa45b413,Improper Control of Compilation Availability,Others,"The report indicates that Glow's AOT compilation path exhibits unexpected performance degradation during code generation/toolchain invocation, which can be triggered by certain models/inputs and results in excessive compilation time (availability impact) even if it does not necessarily produce incorrect output.",Unexpected performance issues with AOT compilation,2022-08-05T14:02:45Z,https://github.com/pytorch/glow/issues/5985
5991,pytorch/glow,Before commit 37d8bb8dc517b6627f02a1f0b937c8b11da19c5b,CWE-754: Improper Check for Unusual or Exceptional Conditions,Tensor Mapping Defects,"The ONNX frontend/IR construction path crashes when importing a model containing the GlobalAveragePool operation, indicating missing validation/handling for this operator or its attributes/shapes, allowing a crafted ONNX model to trigger a compiler crash (availability impact).",[Bug] error on an ONNX model with the GlobalAveragePool operation,2022-08-29T11:40:22Z,https://github.com/pytorch/glow/issues/5991
5995,pytorch/glow,Before commit 87753a10fa3d99554e6f50119996917c33d63f4b,CWE-20: Improper Input Validation,Tensor Mapping Defects,"The ONNX frontend/importer fails to robustly validate and handle unusual or malformed model attributes during ONNX model loading/attribute parsing, leading to a crash and loss of compilation availability when given a crafted ONNX model.",[Bug] error on compiling an ONNX model,2022-09-08T09:48:43Z,https://github.com/pytorch/glow/issues/5995
5996,pytorch/glow,Before commit 87753a10fa3d99554e6f50119996917c33d63f4b,CWE-20: Improper Input Validation,Tensor Mapping Defects,"The ONNX frontend’s Split op importer fails to properly validate or handle unusual/invalid Split configurations (e.g., inconsistent split sizes/axis/inputs), leading to a crash during IR construction instead of rejecting the model gracefully.",[Bug] error on Split operation,2022-09-08T09:57:41Z,https://github.com/pytorch/glow/issues/5996
5997,pytorch/glow,Before commit 87753a10fa3d99554e6f50119996917c33d63f4b,CWE-754: Improper Check for Unusual or Exceptional Conditions,Tensor Mapping Defects,"The ONNX frontend/importer crashes when parsing and performing shape/type inference on a particular ONNX model, indicating missing validation/robust handling of unusual or malformed model attributes/shapes leading to a denial-of-service via compiler crash.",[Bug] error on compiling an ONNX model,2022-09-08T10:00:29Z,https://github.com/pytorch/glow/issues/5997
